region_name,alcohol_sales,ratio_vodka_beer,year
Republic of Adygea,2.1,3.09,1998
Republic of Adygea,2.63,3.07,1999
Republic of Adygea,4.01,1.58,2000
Republic of Adygea,4.78,2.84,2001
Republic of Adygea,5.41,2.08,2002
Republic of Adygea,5.85,1.77,2003
Republic of Adygea,5.55,2.5,2004
Republic of Adygea,6.46,2.8,2005
Republic of Adygea,5.52,2.0,2006
Republic of Adygea,5.08,1.72,2007
Republic of Adygea,5.35,1.66,2008
Republic of Adygea,6.02,1.88,2009
Republic of Adygea,5.55,1.68,2010
Republic of Adygea,5.39,1.54,2011
Republic of Adygea,4.77,1.3,2012
Republic of Adygea,4.5,1.02,2013
Republic of Adygea,3.98,1.14,2014
Republic of Adygea,3.7,1.12,2015
Republic of Bashkortostan,5.56,4.89,1998
Republic of Bashkortostan,6.23,4.3,1999
Republic of Bashkortostan,6.81,2.95,2000
Republic of Bashkortostan,6.32,2.5,2001
Republic of Bashkortostan,6.33,2.18,2002
Republic of Bashkortostan,4.87,2.66,2003
Republic of Bashkortostan,5.71,2.08,2004
Republic of Bashkortostan,6.57,1.86,2005
Republic of Bashkortostan,8.14,1.24,2006
Republic of Bashkortostan,8.42,1.29,2007
Republic of Bashkortostan,8.62,0.89,2008
Republic of Bashkortostan,8.23,0.9,2009
Republic of Bashkortostan,7.86,0.87,2010
Republic of Bashkortostan,8.16,1.37,2011
Republic of Bashkortostan,9.33,1.2,2012
Republic of Bashkortostan,9.65,0.96,2013
Republic of Bashkortostan,8.21,1.01,2014
Republic of Bashkortostan,6.82,0.66,2015
Altai Republic,4.49,9.47,1998
Altai Republic,4.1,12.39,1999
Altai Republic,5.3,6.48,2000
Altai Republic,6.01,4.53,2001
Altai Republic,6.43,2.61,2002
Altai Republic,6.46,3.27,2003
Altai Republic,6.73,3.53,2004
Altai Republic,6.94,3.45,2005
Altai Republic,6.04,2.35,2006
Altai Republic,6.95,2.13,2007
Altai Republic,7.51,1.8,2008
Altai Republic,8.11,1.37,2009
Altai Republic,7.98,1.32,2010
Altai Republic,8.21,1.32,2011
Altai Republic,8.05,1.26,2012
Altai Republic,7.4,1.22,2013
Altai Republic,6.3,1.81,2014
Altai Republic,5.95,1.91,2015
Republic of Dagestan,1.75,4.21,1998
Republic of Dagestan,1.0,5.0,1999
Republic of Dagestan,1.01,4.44,2000
Republic of Dagestan,1.52,4.36,2001
Republic of Dagestan,2.92,4.08,2002
Republic of Dagestan,4.54,7.18,2003
Republic of Dagestan,4.77,11.52,2004
Republic of Dagestan,5.43,8.31,2005
Republic of Dagestan,5.69,13.57,2006
Republic of Dagestan,5.73,16.54,2007
Republic of Dagestan,6.07,15.64,2008
Republic of Dagestan,6.26,16.76,2009
Republic of Dagestan,4.8,26.32,2010
Republic of Dagestan,3.88,23.01,2011
Republic of Dagestan,3.72,25.6,2012
Republic of Dagestan,2.3,18.29,2013
Republic of Dagestan,1.46,10.55,2014
Republic of Dagestan,1.01,16.89,2015
Kabardino-Balkar Republic,3.44,5.25,1998
Kabardino-Balkar Republic,4.29,5.21,1999
Kabardino-Balkar Republic,5.6,4.86,2000
Kabardino-Balkar Republic,6.9,3.74,2001
Kabardino-Balkar Republic,7.94,3.53,2002
Kabardino-Balkar Republic,7.99,2.6,2003
Kabardino-Balkar Republic,7.96,2.25,2004
Kabardino-Balkar Republic,6.51,2.62,2005
Kabardino-Balkar Republic,5.19,1.39,2006
Kabardino-Balkar Republic,3.88,1.68,2007
Kabardino-Balkar Republic,4.01,1.61,2008
Kabardino-Balkar Republic,3.58,0.98,2009
Kabardino-Balkar Republic,3.3,1.07,2010
Kabardino-Balkar Republic,2.94,1.06,2011
Kabardino-Balkar Republic,2.32,0.9,2012
Kabardino-Balkar Republic,1.74,0.72,2013
Kabardino-Balkar Republic,1.23,0.28,2014
Kabardino-Balkar Republic,1.2,0.29,2015
Republic of Kalmykia,5.0,21.66,1998
Republic of Kalmykia,6.34,21.69,1999
Republic of Kalmykia,6.67,12.48,2000
Republic of Kalmykia,7.46,8.86,2001
Republic of Kalmykia,7.76,5.74,2002
Republic of Kalmykia,8.1,5.05,2003
Republic of Kalmykia,8.1,5.02,2004
Republic of Kalmykia,5.24,2.49,2005
Republic of Kalmykia,5.68,1.84,2006
Republic of Kalmykia,5.47,2.21,2007
Republic of Kalmykia,4.99,2.41,2008
Republic of Kalmykia,4.78,2.06,2009
Republic of Kalmykia,3.95,1.81,2010
Republic of Kalmykia,3.35,2.18,2011
Republic of Kalmykia,3.33,2.47,2012
Republic of Kalmykia,2.86,2.53,2013
Republic of Kalmykia,2.92,1.66,2014
Republic of Kalmykia,2.93,1.62,2015
Karachay-Cherkess Republic,3.94,12.74,1998
Karachay-Cherkess Republic,4.98,12.64,1999
Karachay-Cherkess Republic,5.86,13.95,2000
Karachay-Cherkess Republic,6.17,11.4,2001
Karachay-Cherkess Republic,6.77,8.67,2002
Karachay-Cherkess Republic,7.25,8.0,2003
Karachay-Cherkess Republic,7.6,6.08,2004
Karachay-Cherkess Republic,3.92,2.03,2005
Karachay-Cherkess Republic,3.91,2.03,2006
Karachay-Cherkess Republic,3.64,1.77,2007
Karachay-Cherkess Republic,3.35,1.06,2008
Karachay-Cherkess Republic,3.0,0.77,2009
Karachay-Cherkess Republic,2.77,0.65,2010
Karachay-Cherkess Republic,2.75,0.59,2011
Karachay-Cherkess Republic,2.53,0.5,2012
Karachay-Cherkess Republic,2.18,0.34,2013
Karachay-Cherkess Republic,2.04,0.26,2014
Karachay-Cherkess Republic,1.97,0.19,2015
Republic of Karelia,7.49,7.6,1998
Republic of Karelia,7.41,5.71,1999
Republic of Karelia,8.59,5.53,2000
Republic of Karelia,8.5,4.54,2001
Republic of Karelia,7.88,2.95,2002
Republic of Karelia,9.01,3.65,2003
Republic of Karelia,9.57,3.37,2004
Republic of Karelia,9.85,3.29,2005
Republic of Karelia,10.1,2.93,2006
Republic of Karelia,10.46,2.78,2007
Republic of Karelia,11.66,2.78,2008
Republic of Karelia,11.38,2.5,2009
Republic of Karelia,12.02,2.56,2010
Republic of Karelia,12.88,2.72,2011
Republic of Karelia,12.15,2.47,2012
Republic of Karelia,11.1,2.11,2013
Republic of Karelia,10.42,1.88,2014
Republic of Karelia,10.74,1.8,2015
Komi Republic,11.11,5.57,1998
Komi Republic,13.39,5.8,1999
Komi Republic,13.66,6.25,2000
Komi Republic,14.25,6.06,2001
Komi Republic,14.28,6.7,2002
Komi Republic,15.39,5.35,2003
Komi Republic,16.62,2.95,2004
Komi Republic,15.75,3.02,2005
Komi Republic,12.31,2.21,2006
Komi Republic,12.5,1.41,2007
Komi Republic,12.82,1.41,2008
Komi Republic,13.34,1.47,2009
Komi Republic,13.56,1.51,2010
Komi Republic,13.86,1.51,2011
Komi Republic,14.0,1.68,2012
Komi Republic,12.47,1.61,2013
Komi Republic,10.98,1.76,2014
Komi Republic,12.24,1.28,2015
Mari El Republic,7.42,3.8,1998
Mari El Republic,5.63,4.15,1999
Mari El Republic,4.66,3.16,2000
Mari El Republic,5.56,3.68,2001
Mari El Republic,6.31,3.93,2002
Mari El Republic,6.93,3.63,2003
Mari El Republic,6.96,3.48,2004
Mari El Republic,7.0,3.43,2005
Mari El Republic,7.5,3.62,2006
Mari El Republic,7.67,3.53,2007
Mari El Republic,8.17,3.62,2008
Mari El Republic,7.99,3.33,2009
Mari El Republic,8.0,3.22,2010
Mari El Republic,7.95,3.04,2011
Mari El Republic,7.96,3.18,2012
Mari El Republic,7.0,2.97,2013
Mari El Republic,6.85,2.15,2014
Mari El Republic,7.0,2.28,2015
Republic of Mordovia,5.64,4.21,1998
Republic of Mordovia,5.47,5.89,1999
Republic of Mordovia,5.4,5.48,2000
Republic of Mordovia,6.14,4.02,2001
Republic of Mordovia,5.48,3.64,2002
Republic of Mordovia,5.55,2.9,2003
Republic of Mordovia,6.07,2.4,2004
Republic of Mordovia,6.52,2.14,2005
Republic of Mordovia,7.17,1.79,2006
Republic of Mordovia,6.77,1.5,2007
Republic of Mordovia,7.26,1.54,2008
Republic of Mordovia,7.43,1.55,2009
Republic of Mordovia,7.95,1.53,2010
Republic of Mordovia,8.16,1.52,2011
Republic of Mordovia,8.27,1.47,2012
Republic of Mordovia,8.01,1.26,2013
Republic of Mordovia,6.98,1.06,2014
Republic of Mordovia,6.97,0.93,2015
Sakha (Yakutia) Republic,8.85,9.05,1998
Sakha (Yakutia) Republic,8.17,8.59,1999
Sakha (Yakutia) Republic,7.31,7.9,2000
Sakha (Yakutia) Republic,7.13,7.54,2001
Sakha (Yakutia) Republic,7.94,7.9,2002
Sakha (Yakutia) Republic,8.48,5.12,2003
Sakha (Yakutia) Republic,8.43,3.88,2004
Sakha (Yakutia) Republic,8.33,3.26,2005
Sakha (Yakutia) Republic,8.18,2.62,2006
Sakha (Yakutia) Republic,8.63,2.41,2007
Sakha (Yakutia) Republic,9.02,2.43,2008
Sakha (Yakutia) Republic,8.83,2.32,2009
Sakha (Yakutia) Republic,8.77,2.04,2010
Sakha (Yakutia) Republic,8.75,1.74,2011
Sakha (Yakutia) Republic,8.74,1.67,2012
Sakha (Yakutia) Republic,8.14,1.54,2013
Sakha (Yakutia) Republic,7.84,1.4,2014
Sakha (Yakutia) Republic,7.6,1.33,2015
Republic of North Ossetia-Alania,5.78,3.64,1998
Republic of North Ossetia-Alania,6.03,3.65,1999
Republic of North Ossetia-Alania,5.42,3.94,2000
Republic of North Ossetia-Alania,5.2,4.54,2001
Republic of North Ossetia-Alania,4.45,4.56,2002
Republic of North Ossetia-Alania,3.96,4.19,2003
Republic of North Ossetia-Alania,3.31,2.68,2004
Republic of North Ossetia-Alania,2.52,1.7,2005
Republic of North Ossetia-Alania,2.82,1.74,2006
Republic of North Ossetia-Alania,2.76,1.99,2007
Republic of North Ossetia-Alania,2.29,2.21,2008
Republic of North Ossetia-Alania,2.09,2.05,2009
Republic of North Ossetia-Alania,2.37,1.79,2010
Republic of North Ossetia-Alania,2.6,1.52,2011
Republic of North Ossetia-Alania,2.53,1.07,2012
Republic of North Ossetia-Alania,2.21,0.85,2013
Republic of North Ossetia-Alania,1.69,0.53,2014
Republic of North Ossetia-Alania,1.6,0.46,2015
Republic of Tatarstan,8.87,5.11,1998
Republic of Tatarstan,8.38,4.49,1999
Republic of Tatarstan,7.83,3.54,2000
Republic of Tatarstan,8.25,2.79,2001
Republic of Tatarstan,7.99,4.23,2002
Republic of Tatarstan,8.56,2.82,2003
Republic of Tatarstan,8.2,2.55,2004
Republic of Tatarstan,8.22,2.29,2005
Republic of Tatarstan,9.4,1.59,2006
Republic of Tatarstan,10.1,1.6,2007
Republic of Tatarstan,10.38,1.52,2008
Republic of Tatarstan,9.92,1.35,2009
Republic of Tatarstan,10.11,1.38,2010
Republic of Tatarstan,10.27,1.26,2011
Republic of Tatarstan,10.42,1.2,2012
Republic of Tatarstan,9.09,1.07,2013
Republic of Tatarstan,8.1,1.05,2014
Republic of Tatarstan,7.63,1.14,2015
Tuva Republic,5.11,12.0,1998
Tuva Republic,5.36,7.39,1999
Tuva Republic,6.1,3.7,2000
Tuva Republic,5.45,3.05,2001
Tuva Republic,6.87,4.64,2002
Tuva Republic,7.45,4.7,2003
Tuva Republic,7.65,4.71,2004
Tuva Republic,8.35,4.47,2005
Tuva Republic,7.39,1.89,2006
Tuva Republic,8.53,2.13,2007
Tuva Republic,9.49,2.08,2008
Tuva Republic,9.84,1.89,2009
Tuva Republic,10.81,1.56,2010
Tuva Republic,10.94,1.51,2011
Tuva Republic,10.34,1.01,2012
Tuva Republic,9.19,0.92,2013
Tuva Republic,6.29,0.38,2014
Tuva Republic,4.91,0.36,2015
Udmurt Republic,5.97,5.77,1998
Udmurt Republic,6.82,6.66,1999
Udmurt Republic,6.62,5.33,2000
Udmurt Republic,7.32,4.18,2001
Udmurt Republic,7.36,3.73,2002
Udmurt Republic,7.4,3.02,2003
Udmurt Republic,7.56,2.73,2004
Udmurt Republic,7.82,2.33,2005
Udmurt Republic,8.89,2.09,2006
Udmurt Republic,10.54,1.66,2007
Udmurt Republic,11.07,1.51,2008
Udmurt Republic,10.72,1.32,2009
Udmurt Republic,10.48,1.2,2010
Udmurt Republic,11.08,1.23,2011
Udmurt Republic,11.36,1.09,2012
Udmurt Republic,9.58,1.05,2013
Udmurt Republic,8.23,1.08,2014
Udmurt Republic,7.35,1.09,2015
Republic of Khakassia,4.98,1.42,1998
Republic of Khakassia,9.2,2.48,1999
Republic of Khakassia,9.96,2.84,2000
Republic of Khakassia,9.72,2.33,2001
Republic of Khakassia,10.08,2.25,2002
Republic of Khakassia,10.14,1.93,2003
Republic of Khakassia,10.81,1.48,2004
Republic of Khakassia,12.34,1.79,2005
Republic of Khakassia,13.2,1.48,2006
Republic of Khakassia,11.6,1.67,2007
Republic of Khakassia,10.8,2.37,2008
Republic of Khakassia,8.34,1.52,2009
Republic of Khakassia,8.76,1.59,2010
Republic of Khakassia,9.44,1.43,2011
Republic of Khakassia,8.92,1.27,2012
Republic of Khakassia,6.97,0.83,2013
Republic of Khakassia,6.83,0.45,2014
Republic of Khakassia,6.86,0.46,2015
Chuvash Republic,4.86,3.37,1998
Chuvash Republic,5.99,3.39,1999
Chuvash Republic,5.78,2.58,2000
Chuvash Republic,6.31,2.63,2001
Chuvash Republic,6.52,2.8,2002
Chuvash Republic,7.26,2.96,2003
Chuvash Republic,7.01,2.2,2004
Chuvash Republic,7.12,2.4,2005
Chuvash Republic,8.64,2.43,2006
Chuvash Republic,8.4,2.75,2007
Chuvash Republic,9.09,3.14,2008
Chuvash Republic,8.63,2.98,2009
Chuvash Republic,8.9,3.04,2010
Chuvash Republic,8.6,2.87,2011
Chuvash Republic,8.65,2.67,2012
Chuvash Republic,7.68,2.06,2013
Chuvash Republic,6.83,1.87,2014
Chuvash Republic,6.72,1.78,2015
Altai Krai,6.05,4.71,1998
Altai Krai,6.27,3.72,1999
Altai Krai,6.07,2.39,2000
Altai Krai,7.26,2.43,2001
Altai Krai,7.06,2.13,2002
Altai Krai,7.36,1.93,2003
Altai Krai,8.78,2.17,2004
Altai Krai,7.38,1.37,2005
Altai Krai,6.85,1.55,2006
Altai Krai,5.92,1.05,2007
Altai Krai,6.65,1.23,2008
Altai Krai,6.72,1.32,2009
Altai Krai,7.7,1.33,2010
Altai Krai,8.36,1.36,2011
Altai Krai,8.84,1.25,2012
Altai Krai,7.57,1.08,2013
Altai Krai,5.56,0.84,2014
Altai Krai,5.7,0.81,2015
Krasnodar Krai,5.66,3.8,1998
Krasnodar Krai,6.32,1.66,1999
Krasnodar Krai,6.74,1.63,2000
Krasnodar Krai,7.04,1.48,2001
Krasnodar Krai,6.97,1.26,2002
Krasnodar Krai,7.2,1.19,2003
Krasnodar Krai,7.42,1.1,2004
Krasnodar Krai,7.58,1.07,2005
Krasnodar Krai,7.17,0.97,2006
Krasnodar Krai,7.47,0.88,2007
Krasnodar Krai,7.77,0.88,2008
Krasnodar Krai,6.81,0.88,2009
Krasnodar Krai,6.46,0.9,2010
Krasnodar Krai,6.94,0.86,2011
Krasnodar Krai,6.72,0.74,2012
Krasnodar Krai,6.35,0.62,2013
Krasnodar Krai,6.18,0.5,2014
Krasnodar Krai,5.89,0.51,2015
Krasnoyarsk Krai,7.56,4.51,1998
Krasnoyarsk Krai,8.46,3.8,1999
Krasnoyarsk Krai,8.86,2.94,2000
Krasnoyarsk Krai,10.15,2.07,2001
Krasnoyarsk Krai,10.52,1.82,2002
Krasnoyarsk Krai,10.88,1.72,2003
Krasnoyarsk Krai,6.93,1.54,2004
Krasnoyarsk Krai,7.72,1.32,2005
Krasnoyarsk Krai,7.9,1.17,2006
Krasnoyarsk Krai,10.32,1.19,2007
Krasnoyarsk Krai,10.55,1.09,2008
Krasnoyarsk Krai,10.34,1.03,2009
Krasnoyarsk Krai,10.09,1.05,2010
Krasnoyarsk Krai,9.6,1.11,2011
Krasnoyarsk Krai,9.45,1.11,2012
Krasnoyarsk Krai,8.63,1.02,2013
Krasnoyarsk Krai,6.83,0.87,2014
Krasnoyarsk Krai,6.78,0.89,2015
Primorsky Krai,3.47,3.38,1998
Primorsky Krai,5.34,4.31,1999
Primorsky Krai,7.62,4.78,2000
Primorsky Krai,7.7,4.59,2001
Primorsky Krai,8.12,4.52,2002
Primorsky Krai,8.27,4.55,2003
Primorsky Krai,8.39,2.43,2004
Primorsky Krai,10.1,2.37,2005
Primorsky Krai,9.9,1.99,2006
Primorsky Krai,9.84,1.62,2007
Primorsky Krai,10.13,1.29,2008
Primorsky Krai,9.44,1.34,2009
Primorsky Krai,9.28,1.25,2010
Primorsky Krai,9.35,1.21,2011
Primorsky Krai,9.24,1.33,2012
Primorsky Krai,9.28,1.35,2013
Primorsky Krai,9.4,1.38,2014
Primorsky Krai,9.54,1.42,2015
Stavropol Krai,6.99,5.49,1998
Stavropol Krai,7.69,4.11,1999
Stavropol Krai,7.8,4.23,2000
Stavropol Krai,7.62,3.36,2001
Stavropol Krai,7.34,2.86,2002
Stavropol Krai,7.13,1.95,2003
Stavropol Krai,6.56,1.33,2004
Stavropol Krai,7.43,1.06,2005
Stavropol Krai,7.4,0.7,2006
Stavropol Krai,7.17,0.8,2007
Stavropol Krai,6.95,0.73,2008
Stavropol Krai,6.46,0.63,2009
Stavropol Krai,6.23,0.53,2010
Stavropol Krai,6.65,0.63,2011
Stavropol Krai,6.59,0.67,2012
Stavropol Krai,5.93,0.6,2013
Stavropol Krai,5.15,0.4,2014
Stavropol Krai,5.04,0.42,2015
Khabarovsk Krai,8.33,5.03,1998
Khabarovsk Krai,8.9,4.37,1999
Khabarovsk Krai,8.46,3.84,2000
Khabarovsk Krai,11.1,4.42,2001
Khabarovsk Krai,9.17,4.3,2002
Khabarovsk Krai,9.15,2.57,2003
Khabarovsk Krai,9.29,2.19,2004
Khabarovsk Krai,10.67,1.77,2005
Khabarovsk Krai,10.97,1.34,2006
Khabarovsk Krai,11.78,1.27,2007
Khabarovsk Krai,13.27,1.35,2008
Khabarovsk Krai,12.39,1.31,2009
Khabarovsk Krai,13.26,1.3,2010
Khabarovsk Krai,13.5,1.29,2011
Khabarovsk Krai,13.61,1.45,2012
Khabarovsk Krai,11.81,1.2,2013
Khabarovsk Krai,10.75,1.06,2014
Khabarovsk Krai,8.32,1.0,2015
Amur Oblast,8.48,6.53,1998
Amur Oblast,8.33,4.85,1999
Amur Oblast,8.2,4.44,2000
Amur Oblast,9.06,4.51,2001
Amur Oblast,9.35,4.05,2002
Amur Oblast,9.77,3.45,2003
Amur Oblast,10.26,3.23,2004
Amur Oblast,11.61,3.42,2005
Amur Oblast,11.38,2.82,2006
Amur Oblast,11.07,2.14,2007
Amur Oblast,10.2,1.55,2008
Amur Oblast,9.14,1.12,2009
Amur Oblast,9.77,1.22,2010
Amur Oblast,10.32,1.15,2011
Amur Oblast,10.27,1.4,2012
Amur Oblast,9.15,1.09,2013
Amur Oblast,7.71,1.04,2014
Amur Oblast,7.34,1.03,2015
Arkhangelsk Oblast,5.89,8.83,1998
Arkhangelsk Oblast,7.57,6.85,1999
Arkhangelsk Oblast,10.11,5.24,2000
Arkhangelsk Oblast,13.12,3.95,2001
Arkhangelsk Oblast,17.24,3.1,2002
Arkhangelsk Oblast,20.04,2.34,2003
Arkhangelsk Oblast,11.19,2.86,2004
Arkhangelsk Oblast,10.63,3.09,2005
Arkhangelsk Oblast,10.4,3.14,2006
Arkhangelsk Oblast,9.98,3.1,2007
Arkhangelsk Oblast,10.42,3.41,2008
Arkhangelsk Oblast,10.34,3.29,2009
Arkhangelsk Oblast,10.72,3.22,2010
Arkhangelsk Oblast,11.01,3.2,2011
Arkhangelsk Oblast,10.76,2.79,2012
Arkhangelsk Oblast,10.06,2.33,2013
Arkhangelsk Oblast,10.25,1.6,2014
Arkhangelsk Oblast,9.55,1.76,2015
Astrakhan Oblast,5.22,4.22,1998
Astrakhan Oblast,5.57,4.39,1999
Astrakhan Oblast,6.11,2.58,2000
Astrakhan Oblast,7.48,2.23,2001
Astrakhan Oblast,7.67,2.18,2002
Astrakhan Oblast,8.1,2.05,2003
Astrakhan Oblast,8.82,1.78,2004
Astrakhan Oblast,8.18,1.42,2005
Astrakhan Oblast,7.46,1.28,2006
Astrakhan Oblast,7.76,1.2,2007
Astrakhan Oblast,7.88,1.08,2008
Astrakhan Oblast,8.16,0.94,2009
Astrakhan Oblast,8.59,0.95,2010
Astrakhan Oblast,8.28,0.91,2011
Astrakhan Oblast,8.76,0.95,2012
Astrakhan Oblast,7.74,0.74,2013
Astrakhan Oblast,6.48,0.74,2014
Astrakhan Oblast,5.96,0.72,2015
Belgorod Oblast,6.03,3.76,1998
Belgorod Oblast,5.68,3.7,1999
Belgorod Oblast,5.66,3.9,2000
Belgorod Oblast,5.5,3.28,2001
Belgorod Oblast,5.46,3.24,2002
Belgorod Oblast,5.64,3.01,2003
Belgorod Oblast,6.3,2.28,2004
Belgorod Oblast,7.15,2.04,2005
Belgorod Oblast,7.82,2.13,2006
Belgorod Oblast,7.99,1.58,2007
Belgorod Oblast,7.87,1.4,2008
Belgorod Oblast,6.7,1.66,2009
Belgorod Oblast,5.01,1.46,2010
Belgorod Oblast,5.49,1.62,2011
Belgorod Oblast,5.61,1.42,2012
Belgorod Oblast,5.69,1.16,2013
Belgorod Oblast,5.48,0.75,2014
Belgorod Oblast,5.54,0.67,2015
Bryansk Oblast,6.01,2.4,1998
Bryansk Oblast,6.45,2.44,1999
Bryansk Oblast,5.31,1.67,2000
Bryansk Oblast,5.69,1.54,2001
Bryansk Oblast,5.83,1.75,2002
Bryansk Oblast,5.76,2.05,2003
Bryansk Oblast,5.85,2.12,2004
Bryansk Oblast,6.0,2.05,2005
Bryansk Oblast,7.76,1.88,2006
Bryansk Oblast,7.97,1.27,2007
Bryansk Oblast,8.27,1.44,2008
Bryansk Oblast,8.5,1.53,2009
Bryansk Oblast,8.5,1.62,2010
Bryansk Oblast,8.25,1.72,2011
Bryansk Oblast,7.94,1.57,2012
Bryansk Oblast,6.53,1.47,2013
Bryansk Oblast,6.29,1.09,2014
Bryansk Oblast,6.9,1.0,2015
Vladimir Oblast,7.83,8.1,1998
Vladimir Oblast,7.83,6.02,1999
Vladimir Oblast,7.28,5.25,2000
Vladimir Oblast,7.94,4.29,2001
Vladimir Oblast,8.83,3.01,2002
Vladimir Oblast,8.92,2.82,2003
Vladimir Oblast,10.26,2.56,2004
Vladimir Oblast,9.97,2.67,2005
Vladimir Oblast,9.49,2.38,2006
Vladimir Oblast,8.78,1.95,2007
Vladimir Oblast,8.74,1.78,2008
Vladimir Oblast,8.67,1.82,2009
Vladimir Oblast,8.74,1.96,2010
Vladimir Oblast,8.69,2.1,2011
Vladimir Oblast,8.51,2.04,2012
Vladimir Oblast,8.03,1.9,2013
Vladimir Oblast,7.28,1.23,2014
Vladimir Oblast,7.4,1.24,2015
Volgograd Oblast,7.2,3.7,1998
Volgograd Oblast,6.26,2.02,1999
Volgograd Oblast,6.21,1.76,2000
Volgograd Oblast,7.47,2.24,2001
Volgograd Oblast,8.12,2.41,2002
Volgograd Oblast,8.35,2.26,2003
Volgograd Oblast,8.59,1.81,2004
Volgograd Oblast,8.09,1.72,2005
Volgograd Oblast,7.6,1.26,2006
Volgograd Oblast,8.15,0.92,2007
Volgograd Oblast,8.6,0.64,2008
Volgograd Oblast,7.89,0.79,2009
Volgograd Oblast,7.06,0.84,2010
Volgograd Oblast,7.01,0.79,2011
Volgograd Oblast,6.88,0.66,2012
Volgograd Oblast,6.76,0.48,2013
Volgograd Oblast,6.13,0.4,2014
Volgograd Oblast,5.87,0.41,2015
Vologda Oblast,9.56,6.51,1998
Vologda Oblast,8.59,5.61,1999
Vologda Oblast,9.92,4.63,2000
Vologda Oblast,12.84,3.64,2001
Vologda Oblast,13.13,3.42,2002
Vologda Oblast,15.38,3.19,2003
Vologda Oblast,16.99,2.51,2004
Vologda Oblast,14.84,1.96,2005
Vologda Oblast,12.52,1.64,2006
Vologda Oblast,12.18,1.5,2007
Vologda Oblast,13.06,1.56,2008
Vologda Oblast,12.22,1.43,2009
Vologda Oblast,10.83,1.2,2010
Vologda Oblast,12.27,1.39,2011
Vologda Oblast,13.04,1.1,2012
Vologda Oblast,11.18,1.12,2013
Vologda Oblast,9.21,1.39,2014
Vologda Oblast,8.85,1.69,2015
Voronezh Oblast,6.97,5.98,1998
Voronezh Oblast,6.31,3.84,1999
Voronezh Oblast,5.51,2.94,2000
Voronezh Oblast,6.26,1.95,2001
Voronezh Oblast,6.87,2.0,2002
Voronezh Oblast,6.85,2.26,2003
Voronezh Oblast,7.82,2.45,2004
Voronezh Oblast,8.63,2.3,2005
Voronezh Oblast,8.33,1.43,2006
Voronezh Oblast,9.42,1.28,2007
Voronezh Oblast,10.14,1.32,2008
Voronezh Oblast,10.2,1.41,2009
Voronezh Oblast,8.55,1.05,2010
Voronezh Oblast,8.54,0.83,2011
Voronezh Oblast,8.94,0.82,2012
Voronezh Oblast,8.78,0.75,2013
Voronezh Oblast,6.28,0.61,2014
Voronezh Oblast,6.54,0.66,2015
Ivanovo Oblast,7.67,6.22,1998
Ivanovo Oblast,7.68,4.25,1999
Ivanovo Oblast,8.42,2.39,2000
Ivanovo Oblast,10.11,2.17,2001
Ivanovo Oblast,10.34,2.18,2002
Ivanovo Oblast,10.02,2.0,2003
Ivanovo Oblast,11.53,2.03,2004
Ivanovo Oblast,10.19,1.31,2005
Ivanovo Oblast,11.0,0.89,2006
Ivanovo Oblast,12.09,1.02,2007
Ivanovo Oblast,11.54,0.9,2008
Ivanovo Oblast,10.99,0.86,2009
Ivanovo Oblast,9.92,0.94,2010
Ivanovo Oblast,10.46,1.01,2011
Ivanovo Oblast,10.95,1.03,2012
Ivanovo Oblast,9.46,0.88,2013
Ivanovo Oblast,7.72,0.78,2014
Ivanovo Oblast,8.03,0.86,2015
Irkutsk Oblast,8.21,4.42,1998
Irkutsk Oblast,8.27,4.04,1999
Irkutsk Oblast,9.25,3.15,2000
Irkutsk Oblast,7.92,2.45,2001
Irkutsk Oblast,7.97,1.81,2002
Irkutsk Oblast,7.78,1.58,2003
Irkutsk Oblast,12.94,3.32,2004
Irkutsk Oblast,13.52,3.15,2005
Irkutsk Oblast,14.06,2.69,2006
Irkutsk Oblast,9.38,1.21,2007
Irkutsk Oblast,10.16,1.14,2008
Irkutsk Oblast,10.24,0.99,2009
Irkutsk Oblast,9.97,1.07,2010
Irkutsk Oblast,9.36,1.14,2011
Irkutsk Oblast,9.08,1.21,2012
Irkutsk Oblast,8.46,1.05,2013
Irkutsk Oblast,7.9,0.84,2014
Irkutsk Oblast,7.35,0.86,2015
Kaliningrad Oblast,6.54,4.52,1998
Kaliningrad Oblast,8.27,4.43,1999
Kaliningrad Oblast,9.1,3.29,2000
Kaliningrad Oblast,8.16,2.39,2001
Kaliningrad Oblast,10.95,2.15,2002
Kaliningrad Oblast,14.0,1.98,2003
Kaliningrad Oblast,14.3,1.9,2004
Kaliningrad Oblast,11.78,1.8,2005
Kaliningrad Oblast,12.84,1.64,2006
Kaliningrad Oblast,12.64,1.88,2007
Kaliningrad Oblast,11.28,1.75,2008
Kaliningrad Oblast,9.12,1.34,2009
Kaliningrad Oblast,11.15,2.17,2010
Kaliningrad Oblast,10.76,2.06,2011
Kaliningrad Oblast,11.13,1.94,2012
Kaliningrad Oblast,10.06,1.83,2013
Kaliningrad Oblast,6.41,1.67,2014
Kaliningrad Oblast,6.18,1.6,2015
Kaluga Oblast,7.91,5.16,1998
Kaluga Oblast,8.89,5.34,1999
Kaluga Oblast,5.54,2.37,2000
Kaluga Oblast,6.92,2.82,2001
Kaluga Oblast,7.9,1.93,2002
Kaluga Oblast,7.75,1.01,2003
Kaluga Oblast,9.65,1.05,2004
Kaluga Oblast,9.53,1.73,2005
Kaluga Oblast,10.58,0.94,2006
Kaluga Oblast,9.53,1.32,2007
Kaluga Oblast,8.98,1.34,2008
Kaluga Oblast,7.97,1.63,2009
Kaluga Oblast,8.74,1.67,2010
Kaluga Oblast,9.21,1.6,2011
Kaluga Oblast,9.68,1.49,2012
Kaluga Oblast,8.89,1.79,2013
Kaluga Oblast,7.4,1.56,2014
Kaluga Oblast,7.33,1.56,2015
Kamchatka Krai,12.34,7.87,1998
Kamchatka Krai,13.14,6.9,1999
Kamchatka Krai,13.38,6.51,2000
Kamchatka Krai,13.52,6.36,2001
Kamchatka Krai,13.34,5.87,2002
Kamchatka Krai,13.58,5.14,2003
Kamchatka Krai,12.92,3.61,2004
Kamchatka Krai,13.49,3.61,2005
Kamchatka Krai,13.4,2.36,2006
Kamchatka Krai,12.85,2.14,2007
Kamchatka Krai,12.94,1.98,2008
Kamchatka Krai,12.85,1.87,2009
Kamchatka Krai,12.68,1.79,2010
Kamchatka Krai,12.74,1.73,2011
Kamchatka Krai,12.1,1.62,2012
Kamchatka Krai,11.87,1.58,2013
Kamchatka Krai,10.93,1.37,2014
Kamchatka Krai,10.39,1.5,2015
Kemerovo Oblast,8.72,5.25,1998
Kemerovo Oblast,8.7,5.33,1999
Kemerovo Oblast,8.68,5.2,2000
Kemerovo Oblast,9.35,5.26,2001
Kemerovo Oblast,10.21,5.25,2002
Kemerovo Oblast,10.64,4.36,2003
Kemerovo Oblast,12.59,2.47,2004
Kemerovo Oblast,12.45,1.99,2005
Kemerovo Oblast,13.1,1.79,2006
Kemerovo Oblast,12.73,2.41,2007
Kemerovo Oblast,12.05,2.06,2008
Kemerovo Oblast,10.23,1.78,2009
Kemerovo Oblast,10.27,1.62,2010
Kemerovo Oblast,10.37,1.54,2011
Kemerovo Oblast,10.62,1.51,2012
Kemerovo Oblast,9.39,1.25,2013
Kemerovo Oblast,7.45,0.82,2014
Kemerovo Oblast,7.26,0.77,2015
Kirov Oblast,6.07,8.26,1998
Kirov Oblast,6.35,8.31,1999
Kirov Oblast,6.19,6.61,2000
Kirov Oblast,7.08,5.53,2001
Kirov Oblast,7.96,4.37,2002
Kirov Oblast,8.05,3.23,2003
Kirov Oblast,8.58,2.35,2004
Kirov Oblast,9.26,1.82,2005
Kirov Oblast,9.83,1.54,2006
Kirov Oblast,11.09,1.45,2007
Kirov Oblast,11.94,1.38,2008
Kirov Oblast,11.51,1.48,2009
Kirov Oblast,11.69,1.57,2010
Kirov Oblast,11.68,1.47,2011
Kirov Oblast,11.53,1.48,2012
Kirov Oblast,10.2,1.41,2013
Kirov Oblast,9.33,1.15,2014
Kirov Oblast,9.04,1.11,2015
Kostroma Oblast,8.84,5.55,1998
Kostroma Oblast,8.69,5.0,1999
Kostroma Oblast,7.51,5.07,2000
Kostroma Oblast,8.72,5.42,2001
Kostroma Oblast,8.6,4.99,2002
Kostroma Oblast,8.6,4.71,2003
Kostroma Oblast,9.64,4.4,2004
Kostroma Oblast,10.57,4.13,2005
Kostroma Oblast,9.2,4.17,2006
Kostroma Oblast,10.11,2.35,2007
Kostroma Oblast,9.52,1.7,2008
Kostroma Oblast,9.18,1.63,2009
Kostroma Oblast,9.29,1.83,2010
Kostroma Oblast,9.06,1.59,2011
Kostroma Oblast,10.18,1.24,2012
Kostroma Oblast,8.41,1.76,2013
Kostroma Oblast,7.41,1.38,2014
Kostroma Oblast,7.22,1.23,2015
Kurgan Oblast,7.72,6.01,1998
Kurgan Oblast,7.66,4.57,1999
Kurgan Oblast,6.99,3.91,2000
Kurgan Oblast,7.09,2.85,2001
Kurgan Oblast,7.0,2.47,2002
Kurgan Oblast,6.32,1.73,2003
Kurgan Oblast,6.12,1.53,2004
Kurgan Oblast,5.94,1.29,2005
Kurgan Oblast,6.36,0.97,2006
Kurgan Oblast,7.62,0.94,2007
Kurgan Oblast,9.02,0.89,2008
Kurgan Oblast,9.12,0.86,2009
Kurgan Oblast,8.8,0.83,2010
Kurgan Oblast,8.51,0.72,2011
Kurgan Oblast,8.11,0.73,2012
Kurgan Oblast,7.14,0.6,2013
Kurgan Oblast,6.1,0.48,2014
Kurgan Oblast,5.76,0.4,2015
Kursk Oblast,3.21,1.54,1998
Kursk Oblast,3.65,1.28,1999
Kursk Oblast,4.38,1.48,2000
Kursk Oblast,5.49,1.33,2001
Kursk Oblast,5.69,1.0,2002
Kursk Oblast,7.04,0.88,2003
Kursk Oblast,8.42,0.63,2004
Kursk Oblast,7.97,0.87,2005
Kursk Oblast,7.87,0.71,2006
Kursk Oblast,7.88,0.88,2007
Kursk Oblast,7.56,0.89,2008
Kursk Oblast,7.94,0.96,2009
Kursk Oblast,7.94,0.97,2010
Kursk Oblast,7.78,0.87,2011
Kursk Oblast,7.21,1.01,2012
Kursk Oblast,6.69,1.17,2013
Kursk Oblast,5.04,0.77,2014
Kursk Oblast,4.67,0.78,2015
Leningrad Oblast,6.73,7.41,1998
Leningrad Oblast,8.43,5.16,1999
Leningrad Oblast,8.5,3.12,2000
Leningrad Oblast,10.96,2.35,2001
Leningrad Oblast,12.79,2.5,2002
Leningrad Oblast,12.19,2.23,2003
Leningrad Oblast,13.51,2.38,2004
Leningrad Oblast,14.71,2.78,2005
Leningrad Oblast,13.5,1.96,2006
Leningrad Oblast,10.78,1.49,2007
Leningrad Oblast,11.66,1.65,2008
Leningrad Oblast,13.6,2.01,2009
Leningrad Oblast,13.32,1.84,2010
Leningrad Oblast,12.46,1.42,2011
Leningrad Oblast,11.56,1.42,2012
Leningrad Oblast,10.07,1.33,2013
Leningrad Oblast,8.59,1.71,2014
Leningrad Oblast,8.02,1.7,2015
Lipetsk Oblast,8.16,4.14,1998
Lipetsk Oblast,5.62,2.46,1999
Lipetsk Oblast,5.76,2.33,2000
Lipetsk Oblast,6.33,1.73,2001
Lipetsk Oblast,6.94,1.62,2002
Lipetsk Oblast,7.27,1.47,2003
Lipetsk Oblast,7.4,1.44,2004
Lipetsk Oblast,7.6,1.47,2005
Lipetsk Oblast,7.86,1.34,2006
Lipetsk Oblast,8.9,1.16,2007
Lipetsk Oblast,8.52,0.97,2008
Lipetsk Oblast,8.51,1.05,2009
Lipetsk Oblast,8.8,1.0,2010
Lipetsk Oblast,8.54,0.91,2011
Lipetsk Oblast,8.18,0.83,2012
Lipetsk Oblast,7.41,0.79,2013
Lipetsk Oblast,5.91,0.7,2014
Lipetsk Oblast,5.82,0.75,2015
Magadan Oblast,12.05,5.47,1998
Magadan Oblast,11.04,9.93,1999
Magadan Oblast,11.6,7.77,2000
Magadan Oblast,11.67,6.67,2001
Magadan Oblast,9.94,4.58,2002
Magadan Oblast,10.47,3.41,2003
Magadan Oblast,9.83,3.41,2004
Magadan Oblast,9.93,3.28,2005
Magadan Oblast,10.01,3.08,2006
Magadan Oblast,10.24,3.1,2007
Magadan Oblast,10.39,4.0,2008
Magadan Oblast,12.39,4.01,2009
Magadan Oblast,12.04,2.61,2010
Magadan Oblast,11.89,2.53,2011
Magadan Oblast,15.1,3.25,2012
Magadan Oblast,12.37,2.31,2013
Magadan Oblast,12.02,2.08,2014
Magadan Oblast,10.15,1.92,2015
Moscow Oblast,7.15,10.22,1998
Moscow Oblast,7.64,8.0,1999
Moscow Oblast,8.57,6.09,2000
Moscow Oblast,8.44,5.67,2001
Moscow Oblast,8.91,4.6,2002
Moscow Oblast,10.42,5.54,2003
Moscow Oblast,11.34,5.72,2004
Moscow Oblast,10.98,4.9,2005
Moscow Oblast,11.9,4.38,2006
Moscow Oblast,11.95,2.01,2007
Moscow Oblast,12.2,1.4,2008
Moscow Oblast,12.17,1.07,2009
Moscow Oblast,12.11,1.03,2010
Moscow Oblast,12.38,0.95,2011
Moscow Oblast,11.37,0.9,2012
Moscow Oblast,11.22,0.93,2013
Moscow Oblast,10.72,0.83,2014
Moscow Oblast,11.57,0.72,2015
Murmansk Oblast,8.73,6.21,1998
Murmansk Oblast,9.45,5.25,1999
Murmansk Oblast,9.99,5.03,2000
Murmansk Oblast,10.62,4.54,2001
Murmansk Oblast,11.46,4.18,2002
Murmansk Oblast,11.84,4.13,2003
Murmansk Oblast,12.26,3.79,2004
Murmansk Oblast,12.58,3.55,2005
Murmansk Oblast,11.84,3.02,2006
Murmansk Oblast,12.01,2.85,2007
Murmansk Oblast,11.9,2.62,2008
Murmansk Oblast,10.76,2.43,2009
Murmansk Oblast,9.88,1.98,2010
Murmansk Oblast,9.93,1.94,2011
Murmansk Oblast,10.25,1.99,2012
Murmansk Oblast,10.37,1.95,2013
Murmansk Oblast,9.3,1.61,2014
Murmansk Oblast,8.91,1.51,2015
Nizhny Novgorod Oblast,5.19,5.19,1998
Nizhny Novgorod Oblast,6.17,3.34,1999
Nizhny Novgorod Oblast,5.87,2.84,2000
Nizhny Novgorod Oblast,6.42,2.26,2001
Nizhny Novgorod Oblast,7.05,2.13,2002
Nizhny Novgorod Oblast,7.59,1.98,2003
Nizhny Novgorod Oblast,8.28,1.87,2004
Nizhny Novgorod Oblast,8.88,1.58,2005
Nizhny Novgorod Oblast,10.18,1.71,2006
Nizhny Novgorod Oblast,9.57,1.37,2007
Nizhny Novgorod Oblast,9.23,1.55,2008
Nizhny Novgorod Oblast,8.92,1.6,2009
Nizhny Novgorod Oblast,8.63,1.78,2010
Nizhny Novgorod Oblast,8.36,1.7,2011
Nizhny Novgorod Oblast,8.25,1.57,2012
Nizhny Novgorod Oblast,7.37,1.23,2013
Nizhny Novgorod Oblast,6.95,0.99,2014
Nizhny Novgorod Oblast,6.61,0.91,2015
Novgorod Oblast,9.0,4.04,1998
Novgorod Oblast,10.3,2.89,1999
Novgorod Oblast,7.79,2.57,2000
Novgorod Oblast,7.46,2.9,2001
Novgorod Oblast,7.84,2.82,2002
Novgorod Oblast,7.78,3.09,2003
Novgorod Oblast,8.1,3.1,2004
Novgorod Oblast,8.08,2.97,2005
Novgorod Oblast,8.98,2.88,2006
Novgorod Oblast,9.58,2.51,2007
Novgorod Oblast,10.77,2.11,2008
Novgorod Oblast,10.37,2.28,2009
Novgorod Oblast,10.72,2.37,2010
Novgorod Oblast,10.82,2.38,2011
Novgorod Oblast,10.7,2.35,2012
Novgorod Oblast,9.56,2.07,2013
Novgorod Oblast,8.96,1.56,2014
Novgorod Oblast,8.84,1.54,2015
Novosibirsk Oblast,8.05,5.96,1998
Novosibirsk Oblast,10.15,5.84,1999
Novosibirsk Oblast,10.73,4.44,2000
Novosibirsk Oblast,11.26,3.4,2001
Novosibirsk Oblast,10.94,3.34,2002
Novosibirsk Oblast,11.9,2.65,2003
Novosibirsk Oblast,8.94,1.19,2004
Novosibirsk Oblast,7.64,0.76,2005
Novosibirsk Oblast,7.6,0.69,2006
Novosibirsk Oblast,12.34,1.46,2007
Novosibirsk Oblast,11.06,1.2,2008
Novosibirsk Oblast,9.49,1.14,2009
Novosibirsk Oblast,8.97,1.21,2010
Novosibirsk Oblast,9.46,0.98,2011
Novosibirsk Oblast,9.56,0.87,2012
Novosibirsk Oblast,8.04,0.84,2013
Novosibirsk Oblast,7.16,0.77,2014
Novosibirsk Oblast,5.71,0.81,2015
Omsk Oblast,8.33,2.43,1998
Omsk Oblast,9.67,3.69,1999
Omsk Oblast,6.94,1.99,2000
Omsk Oblast,8.44,1.77,2001
Omsk Oblast,10.55,1.32,2002
Omsk Oblast,11.35,1.2,2003
Omsk Oblast,5.57,2.68,2004
Omsk Oblast,5.77,2.61,2005
Omsk Oblast,5.0,1.87,2006
Omsk Oblast,8.99,0.63,2007
Omsk Oblast,10.61,0.55,2008
Omsk Oblast,9.8,0.53,2009
Omsk Oblast,9.68,0.46,2010
Omsk Oblast,9.99,0.43,2011
Omsk Oblast,10.04,0.45,2012
Omsk Oblast,8.12,0.39,2013
Omsk Oblast,6.67,0.43,2014
Omsk Oblast,6.38,0.41,2015
Orenburg Oblast,5.02,3.83,1998
Orenburg Oblast,6.04,3.69,1999
Orenburg Oblast,5.69,2.41,2000
Orenburg Oblast,6.49,2.5,2001
Orenburg Oblast,6.51,2.55,2002
Orenburg Oblast,5.29,2.37,2003
Orenburg Oblast,5.73,1.93,2004
Orenburg Oblast,6.22,1.89,2005
Orenburg Oblast,7.05,1.78,2006
Orenburg Oblast,6.98,1.42,2007
Orenburg Oblast,8.03,1.06,2008
Orenburg Oblast,7.47,0.79,2009
Orenburg Oblast,6.89,0.79,2010
Orenburg Oblast,6.67,0.77,2011
Orenburg Oblast,6.7,0.8,2012
Orenburg Oblast,6.16,0.72,2013
Orenburg Oblast,5.25,0.49,2014
Orenburg Oblast,4.7,0.5,2015
Oryol Oblast,6.08,6.42,1998
Oryol Oblast,8.17,4.08,1999
Oryol Oblast,8.16,3.81,2000
Oryol Oblast,7.02,3.21,2001
Oryol Oblast,6.62,3.02,2002
Oryol Oblast,6.62,2.59,2003
Oryol Oblast,5.88,1.82,2004
Oryol Oblast,5.95,1.61,2005
Oryol Oblast,6.06,1.38,2006
Oryol Oblast,6.26,1.36,2007
Oryol Oblast,7.55,1.15,2008
Oryol Oblast,7.67,1.24,2009
Oryol Oblast,7.61,1.11,2010
Oryol Oblast,7.56,1.04,2011
Oryol Oblast,7.71,0.96,2012
Oryol Oblast,7.45,0.73,2013
Oryol Oblast,5.91,0.72,2014
Oryol Oblast,6.01,0.63,2015
Penza Oblast,3.54,2.51,1998
Penza Oblast,3.71,2.44,1999
Penza Oblast,4.2,1.9,2000
Penza Oblast,4.93,1.81,2001
Penza Oblast,5.15,1.71,2002
Penza Oblast,5.87,1.82,2003
Penza Oblast,5.91,1.45,2004
Penza Oblast,7.22,1.13,2005
Penza Oblast,6.68,0.95,2006
Penza Oblast,7.19,1.1,2007
Penza Oblast,7.32,0.97,2008
Penza Oblast,7.2,1.01,2009
Penza Oblast,7.37,0.97,2010
Penza Oblast,8.71,0.72,2011
Penza Oblast,8.81,0.6,2012
Penza Oblast,9.86,0.37,2013
Penza Oblast,8.13,0.39,2014
Penza Oblast,7.51,0.55,2015
Perm Krai,8.2,7.03,1998
Perm Krai,7.75,8.21,1999
Perm Krai,10.3,5.21,2000
Perm Krai,9.91,2.24,2001
Perm Krai,10.8,2.39,2002
Perm Krai,10.47,2.37,2003
Perm Krai,11.26,1.88,2004
Perm Krai,9.6,1.38,2005
Perm Krai,10.6,1.09,2006
Perm Krai,11.33,1.16,2007
Perm Krai,10.94,0.95,2008
Perm Krai,9.84,1.03,2009
Perm Krai,9.36,1.1,2010
Perm Krai,9.12,1.02,2011
Perm Krai,9.18,0.94,2012
Perm Krai,8.29,0.94,2013
Perm Krai,7.34,1.29,2014
Perm Krai,6.98,1.21,2015
Pskov Oblast,4.11,9.67,1998
Pskov Oblast,4.84,3.51,1999
Pskov Oblast,7.21,4.69,2000
Pskov Oblast,8.25,3.18,2001
Pskov Oblast,7.98,1.87,2002
Pskov Oblast,8.74,1.65,2003
Pskov Oblast,9.74,1.2,2004
Pskov Oblast,8.79,1.24,2005
Pskov Oblast,9.18,1.12,2006
Pskov Oblast,9.3,1.4,2007
Pskov Oblast,10.32,1.52,2008
Pskov Oblast,10.23,1.73,2009
Pskov Oblast,11.18,2.08,2010
Pskov Oblast,9.97,2.24,2011
Pskov Oblast,8.71,2.25,2012
Pskov Oblast,6.46,1.58,2013
Pskov Oblast,7.7,1.41,2014
Pskov Oblast,7.0,1.5,2015
Rostov Oblast,5.72,3.86,1998
Rostov Oblast,6.23,2.79,1999
Rostov Oblast,5.66,2.11,2000
Rostov Oblast,5.62,1.42,2001
Rostov Oblast,5.82,1.25,2002
Rostov Oblast,6.14,1.08,2003
Rostov Oblast,6.41,0.94,2004
Rostov Oblast,6.39,0.91,2005
Rostov Oblast,5.82,0.78,2006
Rostov Oblast,5.99,0.7,2007
Rostov Oblast,5.94,0.8,2008
Rostov Oblast,5.73,0.86,2009
Rostov Oblast,5.56,0.89,2010
Rostov Oblast,5.53,0.87,2011
Rostov Oblast,5.61,0.83,2012
Rostov Oblast,5.43,0.7,2013
Rostov Oblast,5.21,0.57,2014
Rostov Oblast,4.4,0.62,2015
Ryazan Oblast,7.75,4.17,1998
Ryazan Oblast,7.89,3.71,1999
Ryazan Oblast,7.37,3.3,2000
Ryazan Oblast,7.91,2.68,2001
Ryazan Oblast,7.65,2.3,2002
Ryazan Oblast,7.9,2.15,2003
Ryazan Oblast,7.35,1.46,2004
Ryazan Oblast,7.33,1.29,2005
Ryazan Oblast,7.34,1.28,2006
Ryazan Oblast,7.78,1.25,2007
Ryazan Oblast,7.73,1.3,2008
Ryazan Oblast,7.21,1.21,2009
Ryazan Oblast,7.58,1.19,2010
Ryazan Oblast,7.94,1.01,2011
Ryazan Oblast,8.46,1.03,2012
Ryazan Oblast,7.4,0.91,2013
Ryazan Oblast,6.06,0.86,2014
Ryazan Oblast,5.96,0.85,2015
Samara Oblast,6.27,3.88,1998
Samara Oblast,4.68,2.44,1999
Samara Oblast,5.02,2.07,2000
Samara Oblast,5.33,1.94,2001
Samara Oblast,5.57,1.66,2002
Samara Oblast,5.84,1.45,2003
Samara Oblast,6.32,1.34,2004
Samara Oblast,7.28,1.6,2005
Samara Oblast,7.49,1.22,2006
Samara Oblast,8.03,1.2,2007
Samara Oblast,8.69,1.34,2008
Samara Oblast,8.2,1.41,2009
Samara Oblast,8.04,1.22,2010
Samara Oblast,8.18,1.23,2011
Samara Oblast,7.36,1.17,2012
Samara Oblast,6.72,1.0,2013
Samara Oblast,6.07,0.65,2014
Samara Oblast,6.0,0.56,2015
Saratov Oblast,6.46,3.8,1998
Saratov Oblast,4.25,3.03,1999
Saratov Oblast,4.54,2.68,2000
Saratov Oblast,4.71,2.8,2001
Saratov Oblast,5.66,2.62,2002
Saratov Oblast,5.92,1.61,2003
Saratov Oblast,6.57,1.4,2004
Saratov Oblast,6.68,1.74,2005
Saratov Oblast,7.07,1.22,2006
Saratov Oblast,7.03,1.35,2007
Saratov Oblast,6.23,2.1,2008
Saratov Oblast,6.68,1.59,2009
Saratov Oblast,6.94,1.45,2010
Saratov Oblast,7.1,1.39,2011
Saratov Oblast,7.29,1.3,2012
Saratov Oblast,5.05,1.03,2013
Saratov Oblast,4.24,0.72,2014
Saratov Oblast,3.91,0.68,2015
Sakhalin Oblast,7.59,9.38,1998
Sakhalin Oblast,9.65,8.66,1999
Sakhalin Oblast,9.02,6.9,2000
Sakhalin Oblast,10.31,5.47,2001
Sakhalin Oblast,12.7,5.23,2002
Sakhalin Oblast,12.25,4.88,2003
Sakhalin Oblast,11.05,4.47,2004
Sakhalin Oblast,11.11,3.87,2005
Sakhalin Oblast,10.98,2.51,2006
Sakhalin Oblast,10.99,2.73,2007
Sakhalin Oblast,12.81,2.4,2008
Sakhalin Oblast,12.15,2.99,2009
Sakhalin Oblast,12.61,2.53,2010
Sakhalin Oblast,12.86,2.2,2011
Sakhalin Oblast,12.19,2.04,2012
Sakhalin Oblast,11.42,1.69,2013
Sakhalin Oblast,11.13,1.4,2014
Sakhalin Oblast,12.2,1.46,2015
Sverdlovsk Oblast,7.53,3.29,1998
Sverdlovsk Oblast,7.87,2.76,1999
Sverdlovsk Oblast,8.32,2.56,2000
Sverdlovsk Oblast,8.51,2.46,2001
Sverdlovsk Oblast,9.82,2.36,2002
Sverdlovsk Oblast,10.11,2.14,2003
Sverdlovsk Oblast,11.44,1.68,2004
Sverdlovsk Oblast,12.32,1.72,2005
Sverdlovsk Oblast,14.09,1.64,2006
Sverdlovsk Oblast,13.35,1.42,2007
Sverdlovsk Oblast,13.04,1.31,2008
Sverdlovsk Oblast,12.31,1.24,2009
Sverdlovsk Oblast,12.06,1.23,2010
Sverdlovsk Oblast,11.35,1.11,2011
Sverdlovsk Oblast,10.68,1.02,2012
Sverdlovsk Oblast,10.8,1.03,2013
Sverdlovsk Oblast,8.5,0.91,2014
Sverdlovsk Oblast,7.99,1.03,2015
Smolensk Oblast,7.94,3.15,1998
Smolensk Oblast,9.76,2.44,1999
Smolensk Oblast,12.01,3.07,2000
Smolensk Oblast,13.76,2.58,2001
Smolensk Oblast,16.26,2.11,2002
Smolensk Oblast,16.21,2.22,2003
Smolensk Oblast,15.27,2.32,2004
Smolensk Oblast,12.22,1.79,2005
Smolensk Oblast,11.65,2.15,2006
Smolensk Oblast,9.88,1.71,2007
Smolensk Oblast,10.27,1.86,2008
Smolensk Oblast,9.94,1.88,2009
Smolensk Oblast,9.91,1.98,2010
Smolensk Oblast,9.53,1.75,2011
Smolensk Oblast,9.74,1.78,2012
Smolensk Oblast,8.85,1.6,2013
Smolensk Oblast,7.95,1.27,2014
Smolensk Oblast,7.39,1.22,2015
Tambov Oblast,6.02,7.81,1998
Tambov Oblast,4.98,3.46,1999
Tambov Oblast,6.23,4.12,2000
Tambov Oblast,7.34,4.91,2001
Tambov Oblast,7.54,3.99,2002
Tambov Oblast,8.15,3.22,2003
Tambov Oblast,9.12,2.49,2004
Tambov Oblast,7.21,1.39,2005
Tambov Oblast,7.25,1.34,2006
Tambov Oblast,7.73,1.47,2007
Tambov Oblast,7.69,1.3,2008
Tambov Oblast,8.12,1.25,2009
Tambov Oblast,7.76,0.91,2010
Tambov Oblast,7.8,0.94,2011
Tambov Oblast,8.48,0.86,2012
Tambov Oblast,7.72,0.64,2013
Tambov Oblast,5.52,0.51,2014
Tambov Oblast,5.33,0.49,2015
Tver Oblast,4.76,5.05,1998
Tver Oblast,8.74,5.85,1999
Tver Oblast,9.21,4.06,2000
Tver Oblast,9.94,4.16,2001
Tver Oblast,11.44,4.24,2002
Tver Oblast,10.91,3.69,2003
Tver Oblast,12.11,3.16,2004
Tver Oblast,11.82,3.02,2005
Tver Oblast,11.69,2.24,2006
Tver Oblast,11.4,1.85,2007
Tver Oblast,11.86,1.74,2008
Tver Oblast,11.14,1.83,2009
Tver Oblast,10.88,1.81,2010
Tver Oblast,10.46,1.67,2011
Tver Oblast,10.53,1.71,2012
Tver Oblast,9.65,1.55,2013
Tver Oblast,8.47,1.17,2014
Tver Oblast,8.64,1.07,2015
Tomsk Oblast,8.52,7.19,1998
Tomsk Oblast,8.35,5.86,1999
Tomsk Oblast,8.29,3.7,2000
Tomsk Oblast,9.27,3.64,2001
Tomsk Oblast,9.6,3.62,2002
Tomsk Oblast,10.4,3.21,2003
Tomsk Oblast,8.74,2.24,2004
Tomsk Oblast,9.13,2.13,2005
Tomsk Oblast,9.29,1.75,2006
Tomsk Oblast,9.91,1.88,2007
Tomsk Oblast,10.31,1.6,2008
Tomsk Oblast,9.24,1.73,2009
Tomsk Oblast,8.89,1.94,2010
Tomsk Oblast,8.72,2.16,2011
Tomsk Oblast,8.37,2.26,2012
Tomsk Oblast,8.12,2.01,2013
Tomsk Oblast,6.1,1.21,2014
Tomsk Oblast,6.11,1.16,2015
Tula Oblast,6.15,3.87,1998
Tula Oblast,7.27,3.16,1999
Tula Oblast,7.54,2.9,2000
Tula Oblast,8.19,2.81,2001
Tula Oblast,8.18,2.28,2002
Tula Oblast,7.67,2.45,2003
Tula Oblast,7.57,2.38,2004
Tula Oblast,7.21,2.11,2005
Tula Oblast,6.49,1.57,2006
Tula Oblast,6.62,1.58,2007
Tula Oblast,6.83,1.47,2008
Tula Oblast,7.08,1.49,2009
Tula Oblast,7.32,1.55,2010
Tula Oblast,7.65,1.48,2011
Tula Oblast,7.24,1.61,2012
Tula Oblast,6.13,1.2,2013
Tula Oblast,5.66,0.94,2014
Tula Oblast,5.5,0.9,2015
Tyumen Oblast,6.37,3.87,1998
Tyumen Oblast,7.82,3.14,1999
Tyumen Oblast,9.81,3.9,2000
Tyumen Oblast,11.58,3.35,2001
Tyumen Oblast,14.23,2.42,2002
Tyumen Oblast,13.05,1.59,2003
Tyumen Oblast,13.07,1.57,2004
Tyumen Oblast,13.4,1.5,2005
Tyumen Oblast,13.84,1.49,2006
Tyumen Oblast,12.3,1.27,2007
Tyumen Oblast,12.19,1.28,2008
Tyumen Oblast,11.2,1.22,2009
Tyumen Oblast,11.17,1.17,2010
Tyumen Oblast,10.81,1.12,2011
Tyumen Oblast,10.72,1.12,2012
Tyumen Oblast,10.35,1.1,2013
Tyumen Oblast,9.2,1.02,2014
Tyumen Oblast,9.0,1.03,2015
Ulyanovsk Oblast,5.86,2.23,1998
Ulyanovsk Oblast,6.76,1.83,1999
Ulyanovsk Oblast,6.69,1.82,2000
Ulyanovsk Oblast,6.47,1.61,2001
Ulyanovsk Oblast,6.27,1.62,2002
Ulyanovsk Oblast,7.02,1.98,2003
Ulyanovsk Oblast,7.3,1.84,2004
Ulyanovsk Oblast,6.95,2.75,2005
Ulyanovsk Oblast,6.44,1.28,2006
Ulyanovsk Oblast,6.81,1.23,2007
Ulyanovsk Oblast,6.39,1.56,2008
Ulyanovsk Oblast,6.39,1.66,2009
Ulyanovsk Oblast,6.75,1.76,2010
Ulyanovsk Oblast,7.43,1.24,2011
Ulyanovsk Oblast,7.19,1.2,2012
Ulyanovsk Oblast,6.76,1.07,2013
Ulyanovsk Oblast,5.45,0.82,2014
Ulyanovsk Oblast,5.47,0.7,2015
Chelyabinsk Oblast,6.65,3.18,1998
Chelyabinsk Oblast,7.91,3.45,1999
Chelyabinsk Oblast,9.31,2.71,2000
Chelyabinsk Oblast,9.49,2.87,2001
Chelyabinsk Oblast,10.33,2.41,2002
Chelyabinsk Oblast,10.8,2.02,2003
Chelyabinsk Oblast,12.26,1.73,2004
Chelyabinsk Oblast,13.8,1.72,2005
Chelyabinsk Oblast,13.12,1.23,2006
Chelyabinsk Oblast,13.88,1.01,2007
Chelyabinsk Oblast,14.52,0.95,2008
Chelyabinsk Oblast,14.1,1.01,2009
Chelyabinsk Oblast,11.82,0.87,2010
Chelyabinsk Oblast,10.31,1.08,2011
Chelyabinsk Oblast,9.91,1.22,2012
Chelyabinsk Oblast,7.78,0.68,2013
Chelyabinsk Oblast,6.17,0.86,2014
Chelyabinsk Oblast,6.23,1.02,2015
Zabaykalsky Krai,2.6,4.65,1998
Zabaykalsky Krai,3.09,4.03,1999
Zabaykalsky Krai,3.92,3.41,2000
Zabaykalsky Krai,5.14,2.89,2001
Zabaykalsky Krai,6.59,2.79,2002
Zabaykalsky Krai,7.68,2.6,2003
Zabaykalsky Krai,28.72,1.71,2004
Zabaykalsky Krai,25.3,1.23,2005
Zabaykalsky Krai,25.58,1.22,2006
Zabaykalsky Krai,9.48,1.74,2007
Zabaykalsky Krai,9.74,1.71,2008
Zabaykalsky Krai,9.92,1.65,2009
Zabaykalsky Krai,9.67,1.64,2010
Zabaykalsky Krai,9.96,1.65,2011
Zabaykalsky Krai,9.92,1.6,2012
Zabaykalsky Krai,9.36,1.58,2013
Zabaykalsky Krai,6.66,1.9,2014
Zabaykalsky Krai,6.25,1.9,2015
Yaroslavl Oblast,10.68,5.21,1998
Yaroslavl Oblast,11.03,4.26,1999
Yaroslavl Oblast,10.9,2.56,2000
Yaroslavl Oblast,11.86,2.09,2001
Yaroslavl Oblast,13.4,1.8,2002
Yaroslavl Oblast,11.11,2.39,2003
Yaroslavl Oblast,11.3,2.38,2004
Yaroslavl Oblast,9.73,1.85,2005
Yaroslavl Oblast,10.1,1.76,2006
Yaroslavl Oblast,11.15,1.71,2007
Yaroslavl Oblast,10.8,1.56,2008
Yaroslavl Oblast,10.69,1.52,2009
Yaroslavl Oblast,10.62,1.28,2010
Yaroslavl Oblast,10.38,1.23,2011
Yaroslavl Oblast,10.58,1.38,2012
Yaroslavl Oblast,9.92,1.12,2013
Yaroslavl Oblast,8.73,1.29,2014
Yaroslavl Oblast,8.59,1.26,2015
Moscow,10.58,5.04,1998
Moscow,11.78,2.67,1999
Moscow,12.07,2.43,2000
Moscow,13.21,2.0,2001
Moscow,14.02,1.94,2002
Moscow,15.25,2.07,2003
Moscow,16.14,1.94,2004
Moscow,16.72,1.78,2005
Moscow,16.76,1.72,2006
Moscow,16.28,1.81,2007
Moscow,15.12,1.69,2008
Moscow,14.13,1.94,2009
Moscow,13.55,1.51,2010
Moscow,13.85,1.48,2011
Moscow,13.54,1.47,2012
Moscow,13.37,1.38,2013
Moscow,12.74,1.52,2014
Moscow,11.34,1.34,2015
Saint Petersburg,6.98,3.53,1998
Saint Petersburg,8.83,1.81,1999
Saint Petersburg,10.42,1.72,2000
Saint Petersburg,12.6,1.23,2001
Saint Petersburg,13.54,1.32,2002
Saint Petersburg,12.53,1.08,2003
Saint Petersburg,11.94,1.07,2004
Saint Petersburg,13.68,1.24,2005
Saint Petersburg,14.58,1.05,2006
Saint Petersburg,12.9,1.05,2007
Saint Petersburg,13.82,0.79,2008
Saint Petersburg,12.64,0.53,2009
Saint Petersburg,11.31,0.67,2010
Saint Petersburg,9.36,0.87,2011
Saint Petersburg,9.12,0.89,2012
Saint Petersburg,6.62,1.3,2013
Saint Petersburg,7.02,1.47,2014
Saint Petersburg,5.96,1.56,2015
Jewish Autonomous Oblast,5.6,7.93,1998
Jewish Autonomous Oblast,5.67,7.93,1999
Jewish Autonomous Oblast,6.23,7.28,2000
Jewish Autonomous Oblast,6.39,5.39,2001
Jewish Autonomous Oblast,4.96,2.27,2002
Jewish Autonomous Oblast,5.26,1.31,2003
Jewish Autonomous Oblast,6.16,1.16,2004
Jewish Autonomous Oblast,6.33,0.96,2005
Jewish Autonomous Oblast,6.35,1.07,2006
Jewish Autonomous Oblast,7.05,1.39,2007
Jewish Autonomous Oblast,7.56,1.5,2008
Jewish Autonomous Oblast,8.15,1.47,2009
Jewish Autonomous Oblast,8.76,1.64,2010
Jewish Autonomous Oblast,8.82,1.63,2011
Jewish Autonomous Oblast,9.11,1.65,2012
Jewish Autonomous Oblast,8.24,1.24,2013
Jewish Autonomous Oblast,7.3,1.25,2014
Jewish Autonomous Oblast,7.53,1.28,2015
Republic of Buryatia,7.04,14.36,1998
Republic of Buryatia,8.64,16.51,1999
Republic of Buryatia,7.77,7.77,2000
Republic of Buryatia,8.38,12.79,2001
Republic of Buryatia,9.4,7.58,2002
Republic of Buryatia,7.79,3.39,2003
Republic of Buryatia,7.51,2.73,2004
Republic of Buryatia,7.68,3.44,2005
Republic of Buryatia,8.17,2.3,2006
Republic of Buryatia,8.49,2.88,2007
Republic of Buryatia,8.5,2.54,2008
Republic of Buryatia,9.15,2.4,2009
Republic of Buryatia,9.09,2.65,2010
Republic of Buryatia,8.45,2.78,2011
Republic of Buryatia,8.27,2.72,2012
Republic of Buryatia,6.92,2.1,2013
Republic of Buryatia,6.37,1.83,2014
Republic of Buryatia,5.64,1.71,2015
Chukotka Autonomous Okrug,2.08,20.44,1998
Chukotka Autonomous Okrug,2.96,23.3,1999
Chukotka Autonomous Okrug,3.26,10.0,2000
Chukotka Autonomous Okrug,4.91,7.13,2001
Chukotka Autonomous Okrug,6.18,16.62,2002
Chukotka Autonomous Okrug,6.54,8.0,2003
Chukotka Autonomous Okrug,6.58,9.19,2004
Chukotka Autonomous Okrug,5.85,9.76,2005
Chukotka Autonomous Okrug,8.54,12.36,2006
Chukotka Autonomous Okrug,8.96,10.96,2007
Chukotka Autonomous Okrug,11.99,11.07,2008
Chukotka Autonomous Okrug,8.11,12.65,2009
Chukotka Autonomous Okrug,8.8,7.19,2010
Chukotka Autonomous Okrug,8.35,6.97,2011
Chukotka Autonomous Okrug,8.29,4.57,2012
Chukotka Autonomous Okrug,8.07,3.97,2013
Chukotka Autonomous Okrug,8.22,2.76,2014
Chukotka Autonomous Okrug,5.78,2.12,2015
