region,vodka_share,beer_share,year
 Adygeja,64.64,20.91,1998
 Adygeja,65.35,21.28,1999
 Adygeja,53.81,34.13,2000
 Adygeja,65.33,23.03,2001
 Adygeja,58.39,28.09,2002
 Adygeja,54.74,30.96,2003
 Adygeja,62.02,24.79,2004
 Adygeja,64.35,22.97,2005
 Adygeja,58.7,29.35,2006
 Adygeja,53.59,31.13,2007
 Adygeja,47.82,28.86,2008
 Adygeja,49.14,26.15,2009
 Adygeja,47.56,28.37,2010
 Adygeja,51.16,33.2,2011
 Adygeja,46.93,36.14,2012
 Adygeja,41.76,41.09,2013
 Adygeja,41.22,36.06,2014
 Adygeja,41.13,36.8,2015
 Bashkortostan,76.99,15.74,1998
 Bashkortostan,77.03,17.89,1999
 Bashkortostan,71.69,24.31,2000
 Bashkortostan,68.93,27.59,2001
 Bashkortostan,65.69,30.08,2002
 Bashkortostan,68.23,25.69,2003
 Bashkortostan,64.45,31.0,2004
 Bashkortostan,60.87,32.8,2005
 Bashkortostan,52.11,42.04,2006
 Bashkortostan,52.71,40.78,2007
 Bashkortostan,44.54,49.94,2008
 Bashkortostan,44.24,49.1,2009
 Bashkortostan,44.25,50.61,2010
 Bashkortostan,53.77,39.13,2011
 Bashkortostan,50.16,41.96,2012
 Bashkortostan,44.76,46.78,2013
 Bashkortostan,46.3,45.75,2014
 Bashkortostan,36.36,55.49,2015
Altaj,80.21,8.47,1998
Altaj,77.02,6.21,1999
Altaj,74.0,11.42,2000
Altaj,70.58,15.57,2001
Altaj,62.84,24.03,2002
Altaj,65.6,20.04,2003
Altaj,66.61,18.88,2004
Altaj,67.44,19.53,2005
Altaj,62.96,26.84,2006
Altaj,60.43,28.35,2007
Altaj,55.92,31.09,2008
Altaj,51.29,37.42,2009
Altaj,49.63,37.54,2010
Altaj,49.67,37.75,2011
Altaj,49.2,39.07,2012
Altaj,49.2,40.21,2013
Altaj,55.86,30.94,2014
Altaj,56.45,29.57,2015
 Dagestan,45.82,10.88,1998
 Dagestan,40.0,8.0,1999
 Dagestan,39.6,8.91,2000
 Dagestan,47.21,10.82,2001
 Dagestan,67.22,16.46,2002
 Dagestan,76.7,10.69,2003
 Dagestan,79.73,6.92,2004
 Dagestan,79.59,9.58,2005
 Dagestan,82.26,6.06,2006
 Dagestan,85.21,5.15,2007
 Dagestan,85.06,5.44,2008
 Dagestan,84.41,5.04,2009
 Dagestan,85.02,3.23,2010
 Dagestan,81.34,3.54,2011
 Dagestan,85.91,3.36,2012
 Dagestan,83.44,4.56,2013
 Dagestan,79.34,7.52,2014
 Dagestan,75.32,4.46,2015
Kabardino-Balkarskaja ,75.52,14.38,1998
Kabardino-Balkarskaja ,76.39,14.67,1999
Kabardino-Balkarskaja ,75.04,15.45,2000
Kabardino-Balkarskaja ,71.92,19.21,2001
Kabardino-Balkarskaja ,70.0,19.83,2002
Kabardino-Balkarskaja ,64.05,24.64,2003
Kabardino-Balkarskaja ,61.8,27.45,2004
Kabardino-Balkarskaja ,63.87,24.34,2005
Kabardino-Balkarskaja ,50.88,36.71,2006
Kabardino-Balkarskaja ,52.54,31.29,2007
Kabardino-Balkarskaja ,51.87,32.17,2008
Kabardino-Balkarskaja ,41.32,42.16,2009
Kabardino-Balkarskaja ,42.46,39.58,2010
Kabardino-Balkarskaja ,41.94,39.63,2011
Kabardino-Balkarskaja ,39.59,43.89,2012
Kabardino-Balkarskaja ,36.74,51.09,2013
Kabardino-Balkarskaja ,19.5,69.46,2014
Kabardino-Balkarskaja ,20.07,68.56,2015
 Kalmykija,88.85,4.1,1998
 Kalmykija,89.02,4.1,1999
 Kalmykija,85.2,6.82,2000
 Kalmykija,82.58,9.32,2001
 Kalmykija,77.35,13.47,2002
 Kalmykija,76.01,15.05,2003
 Kalmykija,75.52,15.05,2004
 Kalmykija,59.6,23.97,2005
 Kalmykija,54.93,29.93,2006
 Kalmykija,59.2,26.77,2007
 Kalmykija,60.08,24.93,2008
 Kalmykija,57.79,28.06,2009
 Kalmykija,55.74,30.78,2010
 Kalmykija,58.2,26.74,2011
 Kalmykija,58.91,23.9,2012
 Kalmykija,60.14,23.78,2013
 Kalmykija,49.35,29.81,2014
 Kalmykija,49.21,30.42,2015
Karachaevo-CHerkesskaja ,87.27,6.85,1998
Karachaevo-CHerkesskaja ,87.46,6.92,1999
Karachaevo-CHerkesskaja ,88.08,6.32,2000
Karachaevo-CHerkesskaja ,86.87,7.62,2001
Karachaevo-CHerkesskaja ,84.52,9.75,2002
Karachaevo-CHerkesskaja ,82.17,10.27,2003
Karachaevo-CHerkesskaja ,78.42,12.89,2004
Karachaevo-CHerkesskaja ,54.01,26.62,2005
Karachaevo-CHerkesskaja ,57.25,28.24,2006
Karachaevo-CHerkesskaja ,56.07,31.61,2007
Karachaevo-CHerkesskaja ,44.23,41.54,2008
Karachaevo-CHerkesskaja ,37.3,48.45,2009
Karachaevo-CHerkesskaja ,33.24,51.3,2010
Karachaevo-CHerkesskaja ,31.59,53.73,2011
Karachaevo-CHerkesskaja ,28.45,56.7,2012
Karachaevo-CHerkesskaja ,21.97,64.3,2013
Karachaevo-CHerkesskaja ,17.67,68.97,2014
Karachaevo-CHerkesskaja ,14.19,73.24,2015
Karelija,82.2,10.81,1998
Karelija,80.93,14.16,1999
Karelija,80.1,14.5,2000
Karelija,74.82,16.47,2001
Karelija,62.91,21.31,2002
Karelija,63.06,17.26,2003
Karelija,58.5,17.34,2004
Karelija,60.48,18.37,2005
Karelija,59.38,20.24,2006
Karelija,60.82,21.85,2007
Karelija,59.67,21.43,2008
Karelija,57.64,23.02,2009
Karelija,58.59,22.93,2010
Karelija,60.03,22.1,2011
Karelija,59.28,23.96,2012
Karelija,55.52,26.27,2013
Karelija,51.81,27.58,2014
Karelija,50.64,28.21,2015
Komi,75.99,13.64,1998
Komi,77.35,13.33,1999
Komi,80.26,12.85,2000
Komi,80.01,13.19,2001
Komi,79.58,11.87,2002
Komi,77.18,14.42,2003
Komi,67.64,22.93,2004
Komi,67.81,22.44,2005
Komi,60.43,27.29,2006
Komi,49.94,35.33,2007
Komi,49.3,34.91,2008
Komi,50.07,34.03,2009
Komi,50.44,33.33,2010
Komi,51.44,34.17,2011
Komi,54.02,32.15,2012
Komi,52.29,32.56,2013
Komi,52.1,29.6,2014
Komi,47.69,37.12,2015
 Marij EHl,72.82,19.15,1998
 Marij EHl,76.76,18.48,1999
 Marij EHl,71.21,22.52,2000
 Marij EHl,74.85,20.33,2001
 Marij EHl,74.22,18.87,2002
 Marij EHl,70.99,19.55,2003
 Marij EHl,68.93,19.82,2004
 Marij EHl,69.16,20.15,2005
 Marij EHl,68.75,18.99,2006
 Marij EHl,66.25,18.78,2007
 Marij EHl,64.64,17.87,2008
 Marij EHl,61.08,18.34,2009
 Marij EHl,61.48,19.12,2010
 Marij EHl,62.76,20.61,2011
 Marij EHl,62.31,19.6,2012
 Marij EHl,60.55,20.42,2013
 Marij EHl,54.27,25.24,2014
 Marij EHl,55.43,24.29,2015
 Mordovija,76.64,18.18,1998
 Mordovija,81.87,13.89,1999
 Mordovija,80.76,14.72,2000
 Mordovija,76.89,19.14,2001
 Mordovija,73.05,20.09,2002
 Mordovija,67.74,23.33,2003
 Mordovija,64.58,26.85,2004
 Mordovija,60.72,28.37,2005
 Mordovija,57.44,32.13,2006
 Mordovija,52.62,35.03,2007
 Mordovija,53.44,34.71,2008
 Mordovija,53.31,34.46,2009
 Mordovija,52.86,34.61,2010
 Mordovija,52.88,34.88,2011
 Mordovija,52.26,35.5,2012
 Mordovija,47.96,38.15,2013
 Mordovija,42.39,40.03,2014
 Mordovija,40.75,43.76,2015
Yakutia,85.45,9.44,1998
Yakutia,85.67,9.97,1999
Yakutia,83.13,10.53,2000
Yakutia,81.94,10.87,2001
Yakutia,81.12,10.27,2002
Yakutia,75.49,14.74,2003
Yakutia,71.15,18.32,2004
Yakutia,67.21,20.64,2005
Yakutia,63.1,24.09,2006
Yakutia,60.72,25.14,2007
Yakutia,59.89,24.68,2008
Yakutia,61.18,26.4,2009
Yakutia,58.39,28.57,2010
Yakutia,54.7,31.44,2011
Yakutia,53.52,32.02,2012
Yakutia,52.59,34.1,2013
Yakutia,49.99,35.77,2014
Yakutia,48.95,36.84,2015
 Severnaja Osetija - Alanija,73.34,20.15,1998
 Severnaja Osetija - Alanija,72.98,19.99,1999
 Severnaja Osetija - Alanija,72.28,18.35,2000
 Severnaja Osetija - Alanija,68.45,15.09,2001
 Severnaja Osetija - Alanija,76.42,16.75,2002
 Severnaja Osetija - Alanija,76.75,18.3,2003
 Severnaja Osetija - Alanija,64.05,23.87,2004
 Severnaja Osetija - Alanija,53.88,31.7,2005
 Severnaja Osetija - Alanija,53.92,31.04,2006
 Severnaja Osetija - Alanija,56.58,28.47,2007
 Severnaja Osetija - Alanija,59.36,26.84,2008
 Severnaja Osetija - Alanija,57.33,27.95,2009
 Severnaja Osetija - Alanija,54.08,30.21,2010
 Severnaja Osetija - Alanija,51.49,33.91,2011
 Severnaja Osetija - Alanija,44.27,41.5,2012
 Severnaja Osetija - Alanija,39.8,46.81,2013
 Severnaja Osetija - Alanija,30.7,58.44,2014
 Severnaja Osetija - Alanija,27.57,60.15,2015
 Tatarstan,81.21,15.9,1998
 Tatarstan,79.27,17.67,1999
 Tatarstan,75.57,21.32,2000
 Tatarstan,70.78,25.39,2001
 Tatarstan,77.09,18.21,2002
 Tatarstan,69.6,24.7,2003
 Tatarstan,66.85,26.17,2004
 Tatarstan,64.22,28.1,2005
 Tatarstan,57.85,36.32,2006
 Tatarstan,57.41,35.93,2007
 Tatarstan,56.29,36.96,2008
 Tatarstan,53.61,39.7,2009
 Tatarstan,53.4,38.81,2010
 Tatarstan,51.37,40.8,2011
 Tatarstan,50.27,41.78,2012
 Tatarstan,47.08,43.94,2013
 Tatarstan,45.9,43.74,2014
 Tatarstan,47.72,41.95,2015
Tyva,86.82,7.24,1998
Tyva,81.31,11.0,1999
Tyva,74.05,19.99,2000
Tyva,71.94,23.58,2001
Tyva,78.61,16.96,2002
Tyva,78.97,16.79,2003
Tyva,79.52,16.87,2004
Tyva,77.57,17.36,2005
Tyva,62.77,33.28,2006
Tyva,65.16,30.53,2007
Tyva,64.48,30.97,2008
Tyva,61.82,32.69,2009
Tyva,56.25,35.94,2010
Tyva,56.03,37.1,2011
Tyva,46.8,46.32,2012
Tyva,44.84,48.98,2013
Tyva,25.45,67.29,2014
Tyva,24.46,68.28,2015
Udmurtskaja ,76.38,13.23,1998
Udmurtskaja ,81.49,12.24,1999
Udmurtskaja ,80.95,15.18,2000
Udmurtskaja ,77.07,18.45,2001
Udmurtskaja ,74.44,19.97,2002
Udmurtskaja ,69.71,23.1,2003
Udmurtskaja ,65.64,24.09,2004
Udmurtskaja ,62.38,26.78,2005
Udmurtskaja ,60.27,28.84,2006
Udmurtskaja ,55.43,33.41,2007
Udmurtskaja ,52.75,34.86,2008
Udmurtskaja ,48.52,36.67,2009
Udmurtskaja ,46.2,38.37,2010
Udmurtskaja ,48.32,39.4,2011
Udmurtskaja ,46.11,42.28,2012
Udmurtskaja ,45.49,43.2,2013
Udmurtskaja ,45.21,41.81,2014
Udmurtskaja ,44.62,41.01,2015
Hakasija,54.67,38.49,1998
Hakasija,65.69,26.48,1999
Hakasija,68.25,24.04,2000
Hakasija,64.17,27.56,2001
Hakasija,62.68,27.92,2002
Hakasija,58.38,30.18,2003
Hakasija,51.05,34.45,2004
Hakasija,53.48,29.82,2005
Hakasija,50.59,34.12,2006
Hakasija,52.74,31.5,2007
Hakasija,60.01,25.28,2008
Hakasija,53.23,35.07,2009
Hakasija,52.53,32.95,2010
Hakasija,51.52,36.01,2011
Hakasija,50.23,39.41,2012
Hakasija,40.72,49.18,2013
Hakasija,26.96,60.21,2014
Hakasija,27.99,61.45,2015
CHuvashskaja ,72.41,21.5,1998
CHuvashskaja ,72.16,21.3,1999
CHuvashskaja ,66.46,25.79,2000
CHuvashskaja ,67.19,25.52,2001
CHuvashskaja ,68.05,24.29,2002
CHuvashskaja ,68.85,23.27,2003
CHuvashskaja ,62.17,28.3,2004
CHuvashskaja ,63.52,26.42,2005
CHuvashskaja ,64.81,26.62,2006
CHuvashskaja ,65.68,23.85,2007
CHuvashskaja ,67.36,21.46,2008
CHuvashskaja ,66.77,22.43,2009
CHuvashskaja ,66.53,21.92,2010
CHuvashskaja ,65.28,22.72,2011
CHuvashskaja ,64.29,24.05,2012
CHuvashskaja ,58.87,28.52,2013
CHuvashskaja ,55.02,29.41,2014
CHuvashskaja ,54.78,30.81,2015
Altajskij kraj,74.74,15.87,1998
Altajskij kraj,73.35,19.69,1999
Altajskij kraj,65.26,27.36,2000
Altajskij kraj,66.12,27.21,2001
Altajskij kraj,64.55,30.29,2002
Altajskij kraj,62.49,32.4,2003
Altajskij kraj,64.72,29.85,2004
Altajskij kraj,54.19,39.69,2005
Altajskij kraj,56.61,36.62,2006
Altajskij kraj,46.59,44.56,2007
Altajskij kraj,49.35,40.17,2008
Altajskij kraj,50.57,38.37,2009
Altajskij kraj,50.9,38.3,2010
Altajskij kraj,51.46,37.93,2011
Altajskij kraj,49.8,39.84,2012
Altajskij kraj,46.0,42.69,2013
Altajskij kraj,39.59,47.24,2014
Altajskij kraj,38.63,47.67,2015
Krasnodarskij kraj,61.54,16.18,1998
Krasnodarskij kraj,51.93,31.35,1999
Krasnodarskij kraj,51.65,31.61,2000
Krasnodarskij kraj,50.57,34.09,2001
Krasnodarskij kraj,45.34,35.94,2002
Krasnodarskij kraj,43.91,37.03,2003
Krasnodarskij kraj,43.11,39.27,2004
Krasnodarskij kraj,42.74,39.84,2005
Krasnodarskij kraj,40.15,41.34,2006
Krasnodarskij kraj,38.55,43.84,2007
Krasnodarskij kraj,38.1,43.37,2008
Krasnodarskij kraj,37.57,42.71,2009
Krasnodarskij kraj,38.37,42.7,2010
Krasnodarskij kraj,37.27,43.15,2011
Krasnodarskij kraj,34.51,46.93,2012
Krasnodarskij kraj,31.48,50.45,2013
Krasnodarskij kraj,27.2,54.08,2014
Krasnodarskij kraj,27.16,53.63,2015
Krasnojarskij kraj,74.58,16.53,1998
Krasnojarskij kraj,72.32,19.03,1999
Krasnojarskij kraj,67.26,22.85,2000
Krasnojarskij kraj,60.7,29.37,2001
Krasnojarskij kraj,58.16,32.03,2002
Krasnojarskij kraj,56.97,33.22,2003
Krasnojarskij kraj,53.11,34.42,2004
Krasnojarskij kraj,50.8,38.62,2005
Krasnojarskij kraj,48.59,41.69,2006
Krasnojarskij kraj,48.47,40.86,2007
Krasnojarskij kraj,46.25,42.27,2008
Krasnojarskij kraj,44.87,43.52,2009
Krasnojarskij kraj,44.79,42.56,2010
Krasnojarskij kraj,45.76,41.18,2011
Krasnojarskij kraj,45.71,41.0,2012
Krasnojarskij kraj,43.58,42.83,2013
Krasnojarskij kraj,39.22,44.86,2014
Krasnojarskij kraj,39.53,44.25,2015
Primorskij kraj,72.56,21.45,1998
Primorskij kraj,77.11,17.87,1999
Primorskij kraj,78.71,16.46,2000
Primorskij kraj,78.99,17.21,2001
Primorskij kraj,78.83,17.43,2002
Primorskij kraj,78.33,17.22,2003
Primorskij kraj,65.79,27.06,2004
Primorskij kraj,62.96,26.58,2005
Primorskij kraj,59.82,30.11,2006
Primorskij kraj,54.9,33.96,2007
Primorskij kraj,49.76,38.7,2008
Primorskij kraj,49.59,36.98,2009
Primorskij kraj,47.82,38.13,2010
Primorskij kraj,46.66,38.61,2011
Primorskij kraj,48.46,36.4,2012
Primorskij kraj,49.14,36.37,2013
Primorskij kraj,48.53,35.17,2014
Primorskij kraj,49.5,34.82,2015
Stavropol`skij kraj,67.54,12.31,1998
Stavropol`skij kraj,69.21,16.85,1999
Stavropol`skij kraj,70.3,16.61,2000
Stavropol`skij kraj,67.22,20.02,2001
Stavropol`skij kraj,63.77,22.28,2002
Stavropol`skij kraj,56.09,28.82,2003
Stavropol`skij kraj,47.56,35.67,2004
Stavropol`skij kraj,43.09,40.8,2005
Stavropol`skij kraj,34.04,48.62,2006
Stavropol`skij kraj,36.83,46.1,2007
Stavropol`skij kraj,34.53,47.12,2008
Stavropol`skij kraj,30.96,49.23,2009
Stavropol`skij kraj,28.24,53.35,2010
Stavropol`skij kraj,30.94,48.99,2011
Stavropol`skij kraj,32.18,47.9,2012
Stavropol`skij kraj,30.36,50.61,2013
Stavropol`skij kraj,23.31,57.58,2014
Stavropol`skij kraj,23.83,57.1,2015
Habarovskij kraj,74.89,14.88,1998
Habarovskij kraj,73.67,16.85,1999
Habarovskij kraj,72.31,18.85,2000
Habarovskij kraj,76.42,17.3,2001
Habarovskij kraj,74.56,17.33,2002
Habarovskij kraj,66.45,25.9,2003
Habarovskij kraj,62.84,28.73,2004
Habarovskij kraj,58.47,33.03,2005
Habarovskij kraj,52.51,39.06,2006
Habarovskij kraj,50.61,39.78,2007
Habarovskij kraj,50.65,37.53,2008
Habarovskij kraj,50.05,38.23,2009
Habarovskij kraj,49.77,38.23,2010
Habarovskij kraj,50.0,38.88,2011
Habarovskij kraj,52.33,36.09,2012
Habarovskij kraj,47.75,39.92,2013
Habarovskij kraj,44.66,42.28,2014
Habarovskij kraj,43.27,43.27,2015
Amurskaja oblast`,81.64,12.51,1998
Amurskaja oblast`,77.82,16.03,1999
Amurskaja oblast`,77.1,17.38,2000
Amurskaja oblast`,77.67,17.21,2001
Amurskaja oblast`,76.61,18.94,2002
Amurskaja oblast`,71.25,20.68,2003
Amurskaja oblast`,70.59,21.84,2004
Amurskaja oblast`,71.66,20.93,2005
Amurskaja oblast`,67.81,24.07,2006
Amurskaja oblast`,62.49,29.17,2007
Amurskaja oblast`,54.12,34.86,2008
Amurskaja oblast`,45.97,41.21,2009
Amurskaja oblast`,47.47,38.78,2010
Amurskaja oblast`,46.59,40.34,2011
Amurskaja oblast`,51.78,36.89,2012
Amurskaja oblast`,44.6,41.05,2013
Amurskaja oblast`,43.07,41.52,2014
Amurskaja oblast`,43.61,42.38,2015
Arhangel`skaja oblast`,79.4,8.99,1998
Arhangel`skaja oblast`,78.69,11.49,1999
Arhangel`skaja oblast`,75.94,14.49,2000
Arhangel`skaja oblast`,71.62,18.13,2001
Arhangel`skaja oblast`,68.46,22.07,2002
Arhangel`skaja oblast`,63.68,27.2,2003
Arhangel`skaja oblast`,66.15,23.15,2004
Arhangel`skaja oblast`,66.24,21.45,2005
Arhangel`skaja oblast`,65.03,20.73,2006
Arhangel`skaja oblast`,62.53,20.19,2007
Arhangel`skaja oblast`,63.72,18.66,2008
Arhangel`skaja oblast`,61.49,18.71,2009
Arhangel`skaja oblast`,60.44,18.75,2010
Arhangel`skaja oblast`,60.45,18.89,2011
Arhangel`skaja oblast`,59.85,21.42,2012
Arhangel`skaja oblast`,57.28,24.61,2013
Arhangel`skaja oblast`,49.95,31.17,2014
Arhangel`skaja oblast`,51.52,29.21,2015
Astrahanskaja oblast`,72.74,17.23,1998
Astrahanskaja oblast`,73.3,16.71,1999
Astrahanskaja oblast`,65.51,25.38,2000
Astrahanskaja oblast`,63.62,28.47,2001
Astrahanskaja oblast`,62.6,28.69,2002
Astrahanskaja oblast`,61.21,29.8,2003
Astrahanskaja oblast`,58.48,32.86,2004
Astrahanskaja oblast`,53.82,37.86,2005
Astrahanskaja oblast`,51.46,40.07,2006
Astrahanskaja oblast`,49.48,41.24,2007
Astrahanskaja oblast`,46.18,42.81,2008
Astrahanskaja oblast`,42.67,45.37,2009
Astrahanskaja oblast`,42.86,44.89,2010
Astrahanskaja oblast`,42.24,46.52,2011
Astrahanskaja oblast`,43.37,45.49,2012
Astrahanskaja oblast`,37.73,51.1,2013
Astrahanskaja oblast`,35.82,48.56,2014
Astrahanskaja oblast`,34.92,48.69,2015
Belgorodskaja oblast`,71.69,19.08,1998
Belgorodskaja oblast`,72.5,19.62,1999
Belgorodskaja oblast`,71.44,18.3,2000
Belgorodskaja oblast`,69.04,21.08,2001
Belgorodskaja oblast`,68.81,21.23,2002
Belgorodskaja oblast`,68.77,22.86,2003
Belgorodskaja oblast`,63.5,27.86,2004
Belgorodskaja oblast`,62.08,30.48,2005
Belgorodskaja oblast`,63.45,29.74,2006
Belgorodskaja oblast`,55.06,34.78,2007
Belgorodskaja oblast`,51.33,36.78,2008
Belgorodskaja oblast`,55.55,33.52,2009
Belgorodskaja oblast`,51.92,35.54,2010
Belgorodskaja oblast`,52.81,32.66,2011
Belgorodskaja oblast`,49.94,35.22,2012
Belgorodskaja oblast`,46.37,40.14,2013
Belgorodskaja oblast`,37.96,50.65,2014
Belgorodskaja oblast`,35.37,52.43,2015
Brjanskaja oblast`,64.58,26.96,1998
Brjanskaja oblast`,65.72,26.97,1999
Brjanskaja oblast`,57.27,34.29,2000
Brjanskaja oblast`,56.22,36.54,2001
Brjanskaja oblast`,58.33,33.37,2002
Brjanskaja oblast`,60.47,29.45,2003
Brjanskaja oblast`,58.81,27.78,2004
Brjanskaja oblast`,57.3,27.98,2005
Brjanskaja oblast`,56.16,29.82,2006
Brjanskaja oblast`,48.17,37.88,2007
Brjanskaja oblast`,49.33,34.28,2008
Brjanskaja oblast`,49.42,32.36,2009
Brjanskaja oblast`,50.85,31.31,2010
Brjanskaja oblast`,51.2,29.77,2011
Brjanskaja oblast`,50.35,32.03,2012
Brjanskaja oblast`,47.76,32.46,2013
Brjanskaja oblast`,40.68,37.26,2014
Brjanskaja oblast`,40.01,39.87,2015
Vladimirskaja oblast`,85.82,10.6,1998
Vladimirskaja oblast`,82.29,13.67,1999
Vladimirskaja oblast`,79.66,15.18,2000
Vladimirskaja oblast`,77.03,17.94,2001
Vladimirskaja oblast`,70.69,23.51,2002
Vladimirskaja oblast`,69.08,24.5,2003
Vladimirskaja oblast`,67.42,26.31,2004
Vladimirskaja oblast`,67.78,25.37,2005
Vladimirskaja oblast`,64.46,27.07,2006
Vladimirskaja oblast`,57.4,29.44,2007
Vladimirskaja oblast`,53.56,30.1,2008
Vladimirskaja oblast`,54.0,29.66,2009
Vladimirskaja oblast`,54.93,28.04,2010
Vladimirskaja oblast`,56.46,26.9,2011
Vladimirskaja oblast`,55.93,27.38,2012
Vladimirskaja oblast`,54.32,28.53,2013
Vladimirskaja oblast`,43.39,35.29,2014
Vladimirskaja oblast`,43.76,35.39,2015
Volgogradskaja oblast`,71.64,19.37,1998
Volgogradskaja oblast`,58.81,29.17,1999
Volgogradskaja oblast`,57.98,32.94,2000
Volgogradskaja oblast`,63.7,28.44,2001
Volgogradskaja oblast`,65.06,27.05,2002
Volgogradskaja oblast`,63.2,27.95,2003
Volgogradskaja oblast`,58.21,32.19,2004
Volgogradskaja oblast`,56.86,33.0,2005
Volgogradskaja oblast`,50.01,39.68,2006
Volgogradskaja oblast`,42.23,45.79,2007
Volgogradskaja oblast`,33.96,53.38,2008
Volgogradskaja oblast`,38.52,48.6,2009
Volgogradskaja oblast`,39.11,46.83,2010
Volgogradskaja oblast`,37.6,47.88,2011
Volgogradskaja oblast`,34.28,52.0,2012
Volgogradskaja oblast`,27.83,58.02,2013
Volgogradskaja oblast`,23.5,59.33,2014
Volgogradskaja oblast`,24.53,59.19,2015
Vologodskaja oblast`,80.71,12.39,1998
Vologodskaja oblast`,81.04,14.44,1999
Vologodskaja oblast`,77.39,16.73,2000
Vologodskaja oblast`,71.65,19.66,2001
Vologodskaja oblast`,67.65,19.77,2002
Vologodskaja oblast`,63.96,20.05,2003
Vologodskaja oblast`,62.86,25.04,2004
Vologodskaja oblast`,59.01,30.05,2005
Vologodskaja oblast`,55.91,34.03,2006
Vologodskaja oblast`,53.21,35.43,2007
Vologodskaja oblast`,53.6,34.27,2008
Vologodskaja oblast`,49.74,34.69,2009
Vologodskaja oblast`,47.66,39.67,2010
Vologodskaja oblast`,50.34,36.2,2011
Vologodskaja oblast`,45.7,41.63,2012
Vologodskaja oblast`,46.15,41.14,2013
Vologodskaja oblast`,48.21,34.59,2014
Vologodskaja oblast`,51.08,30.29,2015
Voronezhskaja oblast`,81.49,13.63,1998
Voronezhskaja oblast`,74.14,19.33,1999
Voronezhskaja oblast`,66.04,22.5,2000
Voronezhskaja oblast`,58.81,30.13,2001
Voronezhskaja oblast`,61.16,30.51,2002
Voronezhskaja oblast`,63.03,27.87,2003
Voronezhskaja oblast`,64.42,26.33,2004
Voronezhskaja oblast`,63.98,27.82,2005
Voronezhskaja oblast`,53.32,37.41,2006
Voronezhskaja oblast`,50.54,39.44,2007
Voronezhskaja oblast`,50.87,38.6,2008
Voronezhskaja oblast`,50.97,36.21,2009
Voronezhskaja oblast`,43.98,41.75,2010
Voronezhskaja oblast`,39.39,47.42,2011
Voronezhskaja oblast`,38.01,46.56,2012
Voronezhskaja oblast`,36.46,48.54,2013
Voronezhskaja oblast`,31.2,50.85,2014
Voronezhskaja oblast`,33.04,49.71,2015
Ivanovskaja oblast`,83.95,13.49,1998
Ivanovskaja oblast`,78.65,18.49,1999
Ivanovskaja oblast`,67.47,28.21,2000
Ivanovskaja oblast`,65.3,30.03,2001
Ivanovskaja oblast`,64.63,29.61,2002
Ivanovskaja oblast`,61.5,30.75,2003
Ivanovskaja oblast`,60.02,29.53,2004
Ivanovskaja oblast`,49.07,37.59,2005
Ivanovskaja oblast`,40.37,45.41,2006
Ivanovskaja oblast`,44.65,43.91,2007
Ivanovskaja oblast`,40.55,45.27,2008
Ivanovskaja oblast`,39.29,45.57,2009
Ivanovskaja oblast`,41.13,43.55,2010
Ivanovskaja oblast`,42.61,42.27,2011
Ivanovskaja oblast`,43.48,42.38,2012
Ivanovskaja oblast`,39.34,44.79,2013
Ivanovskaja oblast`,36.25,46.35,2014
Ivanovskaja oblast`,38.84,45.32,2015
Irkutskaja oblast`,72.09,16.32,1998
Irkutskaja oblast`,71.06,17.58,1999
Irkutskaja oblast`,67.06,21.31,2000
Irkutskaja oblast`,60.06,24.54,2001
Irkutskaja oblast`,54.18,29.97,2002
Irkutskaja oblast`,52.42,33.08,2003
Irkutskaja oblast`,70.2,21.14,2004
Irkutskaja oblast`,68.03,21.59,2005
Irkutskaja oblast`,65.42,24.32,2006
Irkutskaja oblast`,49.49,40.91,2007
Irkutskaja oblast`,47.22,41.37,2008
Irkutskaja oblast`,44.52,45.01,2009
Irkutskaja oblast`,45.76,42.85,2010
Irkutskaja oblast`,46.92,41.29,2011
Irkutskaja oblast`,47.57,39.48,2012
Irkutskaja oblast`,44.47,42.34,2013
Irkutskaja oblast`,38.97,46.31,2014
Irkutskaja oblast`,39.19,45.52,2015
Kaliningradskaja oblast`,74.66,16.52,1998
Kaliningradskaja oblast`,73.98,16.68,1999
Kaliningradskaja oblast`,69.45,21.1,2000
Kaliningradskaja oblast`,65.19,27.26,2001
Kaliningradskaja oblast`,63.2,29.45,2002
Kaliningradskaja oblast`,57.13,28.85,2003
Kaliningradskaja oblast`,55.94,29.44,2004
Kaliningradskaja oblast`,53.97,29.91,2005
Kaliningradskaja oblast`,52.65,32.09,2006
Kaliningradskaja oblast`,54.76,29.2,2007
Kaliningradskaja oblast`,52.15,29.8,2008
Kaliningradskaja oblast`,46.08,34.39,2009
Kaliningradskaja oblast`,55.95,25.82,2010
Kaliningradskaja oblast`,54.46,26.46,2011
Kaliningradskaja oblast`,53.21,27.41,2012
Kaliningradskaja oblast`,52.51,28.64,2013
Kaliningradskaja oblast`,48.03,28.77,2014
Kaliningradskaja oblast`,47.22,29.43,2015
Kaluzhskaja oblast`,78.89,15.3,1998
Kaluzhskaja oblast`,79.65,14.91,1999
Kaluzhskaja oblast`,65.03,27.46,2000
Kaluzhskaja oblast`,69.39,24.65,2001
Kaluzhskaja oblast`,61.79,32.03,2002
Kaluzhskaja oblast`,46.46,45.95,2003
Kaluzhskaja oblast`,47.25,44.92,2004
Kaluzhskaja oblast`,58.32,33.62,2005
Kaluzhskaja oblast`,42.73,45.66,2006
Kaluzhskaja oblast`,49.51,37.44,2007
Kaluzhskaja oblast`,48.1,35.96,2008
Kaluzhskaja oblast`,51.17,31.42,2009
Kaluzhskaja oblast`,51.23,30.7,2010
Kaluzhskaja oblast`,50.45,31.44,2011
Kaluzhskaja oblast`,49.19,33.07,2012
Kaluzhskaja oblast`,52.64,29.41,2013
Kaluzhskaja oblast`,48.62,31.13,2014
Kaluzhskaja oblast`,48.58,31.11,2015
Kamchatskij kraj,81.37,10.33,1998
Kamchatskij kraj,80.38,11.65,1999
Kamchatskij kraj,79.5,12.22,2000
Kamchatskij kraj,79.02,12.43,2001
Kamchatskij kraj,77.63,13.23,2002
Kamchatskij kraj,73.94,14.4,2003
Kamchatskij kraj,68.73,19.04,2004
Kamchatskij kraj,67.61,18.72,2005
Kamchatskij kraj,60.88,25.78,2006
Kamchatskij kraj,57.89,27.08,2007
Kamchatskij kraj,56.27,28.37,2008
Kamchatskij kraj,54.47,29.18,2009
Kamchatskij kraj,53.33,29.82,2010
Kamchatskij kraj,52.84,30.52,2011
Kamchatskij kraj,50.93,31.42,2012
Kamchatskij kraj,50.88,32.14,2013
Kamchatskij kraj,47.58,34.77,2014
Kamchatskij kraj,49.26,32.81,2015
Kemerovskaja oblast`,77.03,14.67,1998
Kemerovskaja oblast`,79.95,14.99,1999
Kemerovskaja oblast`,79.74,15.33,2000
Kemerovskaja oblast`,80.39,15.29,2001
Kemerovskaja oblast`,79.15,15.09,2002
Kemerovskaja oblast`,75.56,17.34,2003
Kemerovskaja oblast`,67.33,27.24,2004
Kemerovskaja oblast`,62.0,31.12,2005
Kemerovskaja oblast`,60.14,33.51,2006
Kemerovskaja oblast`,61.6,25.58,2007
Kemerovskaja oblast`,58.41,28.42,2008
Kemerovskaja oblast`,54.38,30.56,2009
Kemerovskaja oblast`,52.96,32.66,2010
Kemerovskaja oblast`,52.86,34.42,2011
Kemerovskaja oblast`,53.46,35.44,2012
Kemerovskaja oblast`,48.12,38.64,2013
Kemerovskaja oblast`,39.74,48.4,2014
Kemerovskaja oblast`,38.03,49.46,2015
Kirovskaja oblast`,84.38,10.22,1998
Kirovskaja oblast`,85.66,10.31,1999
Kirovskaja oblast`,82.75,12.53,2000
Kirovskaja oblast`,79.62,14.4,2001
Kirovskaja oblast`,74.83,17.14,2002
Kirovskaja oblast`,67.11,20.76,2003
Kirovskaja oblast`,59.7,25.42,2004
Kirovskaja oblast`,55.3,30.35,2005
Kirovskaja oblast`,52.5,33.98,2006
Kirovskaja oblast`,49.78,34.27,2007
Kirovskaja oblast`,48.58,35.18,2008
Kirovskaja oblast`,49.37,33.46,2009
Kirovskaja oblast`,52.03,33.12,2010
Kirovskaja oblast`,51.66,35.11,2011
Kirovskaja oblast`,52.4,35.31,2012
Kirovskaja oblast`,50.56,35.91,2013
Kirovskaja oblast`,45.43,39.53,2014
Kirovskaja oblast`,44.69,40.32,2015
Kostromskaja oblast`,81.01,14.6,1998
Kostromskaja oblast`,79.6,15.93,1999
Kostromskaja oblast`,80.94,15.97,2000
Kostromskaja oblast`,78.88,14.56,2001
Kostromskaja oblast`,78.61,15.76,2002
Kostromskaja oblast`,76.71,16.27,2003
Kostromskaja oblast`,74.67,16.96,2004
Kostromskaja oblast`,74.52,18.06,2005
Kostromskaja oblast`,73.45,17.6,2006
Kostromskaja oblast`,62.49,26.55,2007
Kostromskaja oblast`,55.49,32.74,2008
Kostromskaja oblast`,54.03,33.12,2009
Kostromskaja oblast`,55.12,30.2,2010
Kostromskaja oblast`,52.39,32.93,2011
Kostromskaja oblast`,48.33,39.1,2012
Kostromskaja oblast`,54.71,31.16,2013
Kostromskaja oblast`,48.6,35.1,2014
Kostromskaja oblast`,46.51,37.93,2015
Kurganskaja oblast`,78.19,13.01,1998
Kurganskaja oblast`,75.16,16.44,1999
Kurganskaja oblast`,74.39,19.03,2000
Kurganskaja oblast`,68.83,24.12,2001
Kurganskaja oblast`,66.87,27.08,2002
Kurganskaja oblast`,58.25,33.71,2003
Kurganskaja oblast`,54.22,35.52,2004
Kurganskaja oblast`,49.81,38.62,2005
Kurganskaja oblast`,43.42,44.75,2006
Kurganskaja oblast`,41.99,44.62,2007
Kurganskaja oblast`,39.93,44.98,2008
Kurganskaja oblast`,39.47,46.05,2009
Kurganskaja oblast`,38.65,46.84,2010
Kurganskaja oblast`,36.31,50.45,2011
Kurganskaja oblast`,36.98,50.84,2012
Kurganskaja oblast`,32.47,54.31,2013
Kurganskaja oblast`,27.56,57.41,2014
Kurganskaja oblast`,24.29,60.03,2015
Kurskaja oblast`,54.85,35.68,1998
Kurskaja oblast`,52.57,41.07,1999
Kurskaja oblast`,55.68,37.65,2000
Kurskaja oblast`,53.93,40.54,2001
Kurskaja oblast`,47.13,47.31,2002
Kurskaja oblast`,42.63,48.17,2003
Kurskaja oblast`,34.2,53.97,2004
Kurskaja oblast`,39.63,45.47,2005
Kurskaja oblast`,36.58,51.69,2006
Kurskaja oblast`,40.61,45.94,2007
Kurskaja oblast`,40.75,45.71,2008
Kurskaja oblast`,42.33,44.16,2009
Kurskaja oblast`,42.33,43.71,2010
Kurskaja oblast`,39.75,45.76,2011
Kurskaja oblast`,42.74,42.11,2012
Kurskaja oblast`,45.43,38.78,2013
Kurskaja oblast`,34.15,44.48,2014
Kurskaja oblast`,35.14,44.89,2015
Leningradskaja oblast`,82.66,11.15,1998
Leningradskaja oblast`,78.31,15.19,1999
Leningradskaja oblast`,69.2,22.18,2000
Leningradskaja oblast`,63.86,27.23,2001
Leningradskaja oblast`,63.78,25.52,2002
Leningradskaja oblast`,60.7,27.19,2003
Leningradskaja oblast`,60.4,25.35,2004
Leningradskaja oblast`,63.08,22.67,2005
Leningradskaja oblast`,57.48,29.37,2006
Leningradskaja oblast`,50.47,33.87,2007
Leningradskaja oblast`,51.82,31.4,2008
Leningradskaja oblast`,55.3,27.47,2009
Leningradskaja oblast`,53.45,29.01,2010
Leningradskaja oblast`,49.37,34.79,2011
Leningradskaja oblast`,49.81,35.15,2012
Leningradskaja oblast`,48.45,36.54,2013
Leningradskaja oblast`,49.37,28.93,2014
Leningradskaja oblast`,48.87,28.8,2015
Lipeckaja oblast`,75.0,18.14,1998
Lipeckaja oblast`,64.81,26.35,1999
Lipeckaja oblast`,64.64,27.72,2000
Lipeckaja oblast`,58.78,33.89,2001
Lipeckaja oblast`,57.65,35.67,2002
Lipeckaja oblast`,55.55,37.74,2003
Lipeckaja oblast`,55.1,38.15,2004
Lipeckaja oblast`,55.24,37.55,2005
Lipeckaja oblast`,52.93,39.64,2006
Lipeckaja oblast`,47.16,40.71,2007
Lipeckaja oblast`,42.27,43.74,2008
Lipeckaja oblast`,43.73,41.55,2009
Lipeckaja oblast`,42.29,42.34,2010
Lipeckaja oblast`,41.44,45.49,2011
Lipeckaja oblast`,39.62,47.51,2012
Lipeckaja oblast`,38.34,48.6,2013
Lipeckaja oblast`,33.83,48.04,2014
Lipeckaja oblast`,34.35,45.52,2015
Magadanskaja oblast`,76.71,14.03,1998
Magadanskaja oblast`,84.1,8.47,1999
Magadanskaja oblast`,82.4,10.6,2000
Magadanskaja oblast`,80.91,12.13,2001
Magadanskaja oblast`,76.07,16.6,2002
Magadanskaja oblast`,70.28,20.63,2003
Magadanskaja oblast`,68.39,20.05,2004
Magadanskaja oblast`,66.44,20.23,2005
Magadanskaja oblast`,65.12,21.17,2006
Magadanskaja oblast`,63.67,20.51,2007
Magadanskaja oblast`,65.81,16.45,2008
Magadanskaja oblast`,67.17,16.75,2009
Magadanskaja oblast`,60.12,23.04,2010
Magadanskaja oblast`,58.98,23.3,2011
Magadanskaja oblast`,64.36,19.83,2012
Magadanskaja oblast`,57.55,24.89,2013
Magadanskaja oblast`,54.93,26.43,2014
Magadanskaja oblast`,53.2,27.73,2015
Moskovskaja oblast`,85.02,8.32,1998
Moskovskaja oblast`,82.74,10.34,1999
Moskovskaja oblast`,80.24,13.18,2000
Moskovskaja oblast`,79.57,14.03,2001
Moskovskaja oblast`,75.9,16.51,2002
Moskovskaja oblast`,78.73,14.21,2003
Moskovskaja oblast`,76.86,13.44,2004
Moskovskaja oblast`,72.11,14.7,2005
Moskovskaja oblast`,71.29,16.27,2006
Moskovskaja oblast`,56.57,28.2,2007
Moskovskaja oblast`,49.49,35.23,2008
Moskovskaja oblast`,44.39,41.34,2009
Moskovskaja oblast`,42.94,41.54,2010
Moskovskaja oblast`,41.86,43.86,2011
Moskovskaja oblast`,39.75,44.42,2012
Moskovskaja oblast`,41.01,44.13,2013
Moskovskaja oblast`,37.7,45.58,2014
Moskovskaja oblast`,34.24,47.29,2015
Murmanskaja oblast`,76.06,12.26,1998
Murmanskaja oblast`,75.37,14.34,1999
Murmanskaja oblast`,75.3,14.97,2000
Murmanskaja oblast`,74.18,16.33,2001
Murmanskaja oblast`,72.92,17.45,2002
Murmanskaja oblast`,71.98,17.45,2003
Murmanskaja oblast`,70.81,18.68,2004
Murmanskaja oblast`,69.61,19.59,2005
Murmanskaja oblast`,65.22,21.63,2006
Murmanskaja oblast`,62.95,22.06,2007
Murmanskaja oblast`,59.52,22.7,2008
Murmanskaja oblast`,56.9,23.38,2009
Murmanskaja oblast`,51.41,26.01,2010
Murmanskaja oblast`,50.78,26.12,2011
Murmanskaja oblast`,51.1,25.65,2012
Murmanskaja oblast`,50.92,26.09,2013
Murmanskaja oblast`,48.61,30.27,2014
Murmanskaja oblast`,48.01,31.75,2015
Nizhegorodskaja oblast`,74.02,14.26,1998
Nizhegorodskaja oblast`,68.76,20.6,1999
Nizhegorodskaja oblast`,66.07,23.24,2000
Nizhegorodskaja oblast`,61.07,27.03,2001
Nizhegorodskaja oblast`,60.11,28.21,2002
Nizhegorodskaja oblast`,58.51,29.52,2003
Nizhegorodskaja oblast`,57.5,30.8,2004
Nizhegorodskaja oblast`,53.6,33.84,2005
Nizhegorodskaja oblast`,55.41,32.32,2006
Nizhegorodskaja oblast`,50.17,36.58,2007
Nizhegorodskaja oblast`,52.86,34.01,2008
Nizhegorodskaja oblast`,52.89,33.0,2009
Nizhegorodskaja oblast`,53.28,30.0,2010
Nizhegorodskaja oblast`,52.53,30.96,2011
Nizhegorodskaja oblast`,50.93,32.44,2012
Nizhegorodskaja oblast`,46.15,37.67,2013
Nizhegorodskaja oblast`,40.28,40.5,2014
Nizhegorodskaja oblast`,38.71,42.72,2015
Novgorodskaja oblast`,73.34,18.17,1998
Novgorodskaja oblast`,68.38,23.7,1999
Novgorodskaja oblast`,65.73,25.55,2000
Novgorodskaja oblast`,67.61,23.27,2001
Novgorodskaja oblast`,66.88,23.68,2002
Novgorodskaja oblast`,67.88,21.99,2003
Novgorodskaja oblast`,67.67,21.86,2004
Novgorodskaja oblast`,66.83,22.52,2005
Novgorodskaja oblast`,66.84,23.17,2006
Novgorodskaja oblast`,57.62,22.96,2007
Novgorodskaja oblast`,53.5,25.36,2008
Novgorodskaja oblast`,54.02,23.68,2009
Novgorodskaja oblast`,54.83,23.13,2010
Novgorodskaja oblast`,55.02,23.08,2011
Novgorodskaja oblast`,54.93,23.36,2012
Novgorodskaja oblast`,52.73,25.47,2013
Novgorodskaja oblast`,46.85,29.95,2014
Novgorodskaja oblast`,45.71,29.76,2015
Novosibirskaja oblast`,81.51,13.67,1998
Novosibirskaja oblast`,80.76,13.84,1999
Novosibirskaja oblast`,77.17,17.38,2000
Novosibirskaja oblast`,73.18,21.49,2001
Novosibirskaja oblast`,72.73,21.79,2002
Novosibirskaja oblast`,68.6,25.85,2003
Novosibirskaja oblast`,51.46,43.35,2004
Novosibirskaja oblast`,40.85,53.55,2005
Novosibirskaja oblast`,38.4,55.82,2006
Novosibirskaja oblast`,54.47,37.2,2007
Novosibirskaja oblast`,49.17,40.85,2008
Novosibirskaja oblast`,47.22,41.53,2009
Novosibirskaja oblast`,47.72,39.53,2010
Novosibirskaja oblast`,43.83,44.81,2011
Novosibirskaja oblast`,40.58,46.91,2012
Novosibirskaja oblast`,39.32,46.6,2013
Novosibirskaja oblast`,36.3,47.12,2014
Novosibirskaja oblast`,35.04,43.37,2015
Omskaja oblast`,61.47,25.27,1998
Omskaja oblast`,68.65,18.61,1999
Omskaja oblast`,59.37,29.9,2000
Omskaja oblast`,58.3,32.88,2001
Omskaja oblast`,52.7,39.91,2002
Omskaja oblast`,51.44,42.85,2003
Omskaja oblast`,63.87,23.86,2004
Omskaja oblast`,63.73,24.42,2005
Omskaja oblast`,56.85,30.42,2006
Omskaja oblast`,36.48,57.95,2007
Omskaja oblast`,32.8,59.51,2008
Omskaja oblast`,31.85,59.57,2009
Omskaja oblast`,28.52,61.39,2010
Omskaja oblast`,27.15,63.53,2011
Omskaja oblast`,27.89,62.35,2012
Omskaja oblast`,24.64,63.44,2013
Omskaja oblast`,25.78,59.72,2014
Omskaja oblast`,25.09,60.68,2015
Orenburgskaja oblast`,72.54,18.93,1998
Orenburgskaja oblast`,74.23,20.13,1999
Orenburgskaja oblast`,66.77,27.68,2000
Orenburgskaja oblast`,66.56,26.66,2001
Orenburgskaja oblast`,66.97,26.27,2002
Orenburgskaja oblast`,64.31,27.14,2003
Orenburgskaja oblast`,60.01,31.05,2004
Orenburgskaja oblast`,59.18,31.36,2005
Orenburgskaja oblast`,58.42,32.9,2006
Orenburgskaja oblast`,52.72,37.25,2007
Orenburgskaja oblast`,46.31,43.63,2008
Orenburgskaja oblast`,40.15,50.59,2009
Orenburgskaja oblast`,39.45,49.75,2010
Orenburgskaja oblast`,38.24,49.89,2011
Orenburgskaja oblast`,38.78,48.63,2012
Orenburgskaja oblast`,37.0,51.12,2013
Orenburgskaja oblast`,28.2,57.63,2014
Orenburgskaja oblast`,28.07,56.36,2015
Orlovskaja oblast`,77.59,12.08,1998
Orlovskaja oblast`,73.48,18.0,1999
Orlovskaja oblast`,72.52,19.05,2000
Orlovskaja oblast`,68.42,21.31,2001
Orlovskaja oblast`,67.09,22.21,2002
Orlovskaja oblast`,64.01,24.76,2003
Orlovskaja oblast`,57.17,31.39,2004
Orlovskaja oblast`,53.75,33.34,2005
Orlovskaja oblast`,50.83,36.89,2006
Orlovskaja oblast`,49.88,36.69,2007
Orlovskaja oblast`,46.62,40.46,2008
Orlovskaja oblast`,47.47,38.34,2009
Orlovskaja oblast`,44.65,40.32,2010
Orlovskaja oblast`,42.93,41.15,2011
Orlovskaja oblast`,41.49,43.31,2012
Orlovskaja oblast`,35.96,49.11,2013
Orlovskaja oblast`,33.15,46.01,2014
Orlovskaja oblast`,31.29,49.34,2015
Penzenskaja oblast`,65.59,26.15,1998
Penzenskaja oblast`,64.64,26.53,1999
Penzenskaja oblast`,60.92,32.13,2000
Penzenskaja oblast`,55.23,30.56,2001
Penzenskaja oblast`,53.62,31.38,2002
Penzenskaja oblast`,53.19,29.15,2003
Penzenskaja oblast`,46.67,32.3,2004
Penzenskaja oblast`,42.67,37.61,2005
Penzenskaja oblast`,40.15,42.17,2006
Penzenskaja oblast`,42.29,38.4,2007
Penzenskaja oblast`,40.98,42.14,2008
Penzenskaja oblast`,41.12,40.71,2009
Penzenskaja oblast`,41.25,42.47,2010
Penzenskaja oblast`,36.23,50.15,2011
Penzenskaja oblast`,33.13,55.53,2012
Penzenskaja oblast`,24.34,65.16,2013
Penzenskaja oblast`,24.12,61.95,2014
Penzenskaja oblast`,29.81,54.17,2015
Permskij kraj,81.44,11.58,1998
Permskij kraj,81.55,9.94,1999
Permskij kraj,77.65,14.9,2000
Permskij kraj,64.16,28.7,2001
Permskij kraj,64.46,26.95,2002
Permskij kraj,63.04,26.6,2003
Permskij kraj,56.83,30.24,2004
Permskij kraj,50.43,36.52,2005
Permskij kraj,45.64,42.06,2006
Permskij kraj,46.95,40.34,2007
Permskij kraj,42.77,44.91,2008
Permskij kraj,44.32,43.0,2009
Permskij kraj,45.72,41.72,2010
Permskij kraj,44.28,43.3,2011
Permskij kraj,42.29,45.07,2012
Permskij kraj,41.98,44.75,2013
Permskij kraj,46.32,36.03,2014
Permskij kraj,45.27,37.32,2015
Pskovskaja oblast`,84.71,8.76,1998
Pskovskaja oblast`,65.24,18.58,1999
Pskovskaja oblast`,71.55,15.25,2000
Pskovskaja oblast`,64.51,20.31,2001
Pskovskaja oblast`,54.12,29.0,2002
Pskovskaja oblast`,49.9,30.27,2003
Pskovskaja oblast`,41.89,34.86,2004
Pskovskaja oblast`,44.58,35.82,2005
Pskovskaja oblast`,43.55,38.98,2006
Pskovskaja oblast`,48.63,34.8,2007
Pskovskaja oblast`,50.79,33.35,2008
Pskovskaja oblast`,52.76,30.43,2009
Pskovskaja oblast`,54.04,25.99,2010
Pskovskaja oblast`,54.19,24.17,2011
Pskovskaja oblast`,55.56,24.74,2012
Pskovskaja oblast`,49.53,31.34,2013
Pskovskaja oblast`,43.66,30.86,2014
Pskovskaja oblast`,42.88,28.59,2015
Rostovskaja oblast`,67.87,17.58,1998
Rostovskaja oblast`,62.24,22.3,1999
Rostovskaja oblast`,55.79,26.48,2000
Rostovskaja oblast`,50.51,35.48,2001
Rostovskaja oblast`,48.15,38.44,2002
Rostovskaja oblast`,44.93,41.59,2003
Rostovskaja oblast`,43.07,45.88,2004
Rostovskaja oblast`,41.96,45.95,2005
Rostovskaja oblast`,38.51,49.25,2006
Rostovskaja oblast`,35.38,50.73,2007
Rostovskaja oblast`,37.02,46.28,2008
Rostovskaja oblast`,38.39,44.5,2009
Rostovskaja oblast`,38.11,42.69,2010
Rostovskaja oblast`,38.14,44.04,2011
Rostovskaja oblast`,37.78,45.26,2012
Rostovskaja oblast`,33.89,48.43,2013
Rostovskaja oblast`,29.97,52.82,2014
Rostovskaja oblast`,29.98,48.49,2015
Rjazanskaja oblast`,76.37,18.32,1998
Rjazanskaja oblast`,75.02,20.21,1999
Rjazanskaja oblast`,72.22,21.86,2000
Rjazanskaja oblast`,68.26,25.47,2001
Rjazanskaja oblast`,64.82,28.23,2002
Rjazanskaja oblast`,63.32,29.44,2003
Rjazanskaja oblast`,54.4,37.33,2004
Rjazanskaja oblast`,50.76,39.3,2005
Rjazanskaja oblast`,50.67,39.57,2006
Rjazanskaja oblast`,48.86,38.96,2007
Rjazanskaja oblast`,48.63,37.51,2008
Rjazanskaja oblast`,46.59,38.55,2009
Rjazanskaja oblast`,45.9,38.64,2010
Rjazanskaja oblast`,41.92,41.4,2011
Rjazanskaja oblast`,43.49,42.19,2012
Rjazanskaja oblast`,40.52,44.57,2013
Rjazanskaja oblast`,36.98,43.01,2014
Rjazanskaja oblast`,36.94,43.32,2015
Samarskaja oblast`,71.49,18.43,1998
Samarskaja oblast`,64.08,26.27,1999
Samarskaja oblast`,60.53,29.27,2000
Samarskaja oblast`,60.83,31.36,2001
Samarskaja oblast`,57.45,34.65,2002
Samarskaja oblast`,54.12,37.25,2003
Samarskaja oblast`,53.19,39.65,2004
Samarskaja oblast`,56.02,35.08,2005
Samarskaja oblast`,49.65,40.58,2006
Samarskaja oblast`,47.3,39.46,2007
Samarskaja oblast`,49.27,36.78,2008
Samarskaja oblast`,49.76,35.37,2009
Samarskaja oblast`,46.75,38.17,2010
Samarskaja oblast`,46.46,37.86,2011
Samarskaja oblast`,44.59,38.06,2012
Samarskaja oblast`,41.06,41.21,2013
Samarskaja oblast`,32.28,49.33,2014
Samarskaja oblast`,29.36,52.63,2015
Saratovskaja oblast`,72.42,19.03,1998
Saratovskaja oblast`,68.72,22.71,1999
Saratovskaja oblast`,65.18,24.33,2000
Saratovskaja oblast`,64.56,23.04,2001
Saratovskaja oblast`,65.05,24.84,2002
Saratovskaja oblast`,56.07,34.88,2003
Saratovskaja oblast`,53.6,38.3,2004
Saratovskaja oblast`,57.51,33.02,2005
Saratovskaja oblast`,49.82,40.9,2006
Saratovskaja oblast`,51.22,37.85,2007
Saratovskaja oblast`,55.24,26.26,2008
Saratovskaja oblast`,50.91,31.97,2009
Saratovskaja oblast`,49.6,34.31,2010
Saratovskaja oblast`,49.26,35.4,2011
Saratovskaja oblast`,48.27,37.09,2012
Saratovskaja oblast`,41.15,39.86,2013
Saratovskaja oblast`,32.06,44.55,2014
Saratovskaja oblast`,31.71,46.41,2015
Sahalinskaja oblast`,85.89,9.16,1998
Sahalinskaja oblast`,87.05,10.05,1999
Sahalinskaja oblast`,83.35,12.08,2000
Sahalinskaja oblast`,78.77,14.4,2001
Sahalinskaja oblast`,77.15,14.76,2002
Sahalinskaja oblast`,75.74,15.51,2003
Sahalinskaja oblast`,73.5,16.43,2004
Sahalinskaja oblast`,68.79,17.78,2005
Sahalinskaja oblast`,62.31,24.82,2006
Sahalinskaja oblast`,64.81,23.76,2007
Sahalinskaja oblast`,59.94,24.98,2008
Sahalinskaja oblast`,63.19,21.15,2009
Sahalinskaja oblast`,59.65,23.6,2010
Sahalinskaja oblast`,57.55,26.16,2011
Sahalinskaja oblast`,56.12,27.57,2012
Sahalinskaja oblast`,52.52,31.03,2013
Sahalinskaja oblast`,48.15,34.45,2014
Sahalinskaja oblast`,49.51,33.93,2015
Sverdlovskaja oblast`,67.99,20.65,1998
Sverdlovskaja oblast`,67.12,24.34,1999
Sverdlovskaja oblast`,65.35,25.53,2000
Sverdlovskaja oblast`,64.43,26.22,2001
Sverdlovskaja oblast`,62.75,26.54,2002
Sverdlovskaja oblast`,60.14,28.14,2003
Sverdlovskaja oblast`,55.6,33.18,2004
Sverdlovskaja oblast`,56.15,32.66,2005
Sverdlovskaja oblast`,55.93,34.1,2006
Sverdlovskaja oblast`,51.55,36.23,2007
Sverdlovskaja oblast`,49.09,37.47,2008
Sverdlovskaja oblast`,48.43,38.92,2009
Sverdlovskaja oblast`,46.77,37.9,2010
Sverdlovskaja oblast`,45.16,40.55,2011
Sverdlovskaja oblast`,43.45,42.51,2012
Sverdlovskaja oblast`,43.72,42.47,2013
Sverdlovskaja oblast`,39.54,43.37,2014
Sverdlovskaja oblast`,42.03,40.66,2015
Smolenskaja oblast`,70.53,22.42,1998
Smolenskaja oblast`,67.23,27.57,1999
Smolenskaja oblast`,70.61,23.02,2000
Smolenskaja oblast`,66.88,25.91,2001
Smolenskaja oblast`,62.48,29.58,2002
Smolenskaja oblast`,63.17,28.47,2003
Smolenskaja oblast`,64.17,27.66,2004
Smolenskaja oblast`,57.91,32.27,2005
Smolenskaja oblast`,61.09,28.4,2006
Smolenskaja oblast`,54.23,31.77,2007
Smolenskaja oblast`,54.91,29.55,2008
Smolenskaja oblast`,54.34,28.88,2009
Smolenskaja oblast`,54.09,27.35,2010
Smolenskaja oblast`,52.32,29.93,2011
Smolenskaja oblast`,53.39,29.93,2012
Smolenskaja oblast`,50.63,31.7,2013
Smolenskaja oblast`,44.27,34.9,2014
Smolenskaja oblast`,42.74,35.03,2015
Tambovskaja oblast`,81.75,10.47,1998
Tambovskaja oblast`,71.46,20.67,1999
Tambovskaja oblast`,74.49,18.06,2000
Tambovskaja oblast`,76.29,15.53,2001
Tambovskaja oblast`,73.71,18.49,2002
Tambovskaja oblast`,71.15,22.08,2003
Tambovskaja oblast`,67.53,27.08,2004
Tambovskaja oblast`,54.38,39.19,2005
Tambovskaja oblast`,53.51,39.93,2006
Tambovskaja oblast`,53.84,36.69,2007
Tambovskaja oblast`,50.45,38.94,2008
Tambovskaja oblast`,49.28,39.49,2009
Tambovskaja oblast`,41.73,45.85,2010
Tambovskaja oblast`,41.96,44.83,2011
Tambovskaja oblast`,40.11,46.48,2012
Tambovskaja oblast`,34.21,53.4,2013
Tambovskaja oblast`,28.24,55.84,2014
Tambovskaja oblast`,27.77,57.14,2015
Tverskaja oblast`,74.84,14.82,1998
Tverskaja oblast`,80.99,13.84,1999
Tverskaja oblast`,74.28,18.3,2000
Tverskaja oblast`,74.06,17.81,2001
Tverskaja oblast`,74.15,17.49,2002
Tverskaja oblast`,70.76,19.16,2003
Tverskaja oblast`,67.37,21.34,2004
Tverskaja oblast`,67.02,22.21,2005
Tverskaja oblast`,61.95,27.64,2006
Tverskaja oblast`,57.88,31.35,2007
Tverskaja oblast`,52.94,30.43,2008
Tverskaja oblast`,54.95,30.08,2009
Tverskaja oblast`,54.4,30.09,2010
Tverskaja oblast`,53.01,31.8,2011
Tverskaja oblast`,52.42,30.67,2012
Tverskaja oblast`,51.84,33.44,2013
Tverskaja oblast`,44.41,37.92,2014
Tverskaja oblast`,42.58,39.69,2015
Tomskaja oblast`,78.85,10.97,1998
Tomskaja oblast`,77.58,13.23,1999
Tomskaja oblast`,71.39,19.3,2000
Tomskaja oblast`,71.16,19.57,2001
Tomskaja oblast`,68.74,19.01,2002
Tomskaja oblast`,66.92,20.82,2003
Tomskaja oblast`,61.31,27.39,2004
Tomskaja oblast`,60.0,28.14,2005
Tomskaja oblast`,57.71,32.95,2006
Tomskaja oblast`,56.12,29.83,2007
Tomskaja oblast`,52.76,32.88,2008
Tomskaja oblast`,54.99,31.72,2009
Tomskaja oblast`,55.81,28.75,2010
Tomskaja oblast`,57.52,26.6,2011
Tomskaja oblast`,57.36,25.33,2012
Tomskaja oblast`,55.16,27.46,2013
Tomskaja oblast`,44.63,37.0,2014
Tomskaja oblast`,43.86,37.81,2015
Tul`skaja oblast`,74.75,19.34,1998
Tul`skaja oblast`,71.54,22.63,1999
Tul`skaja oblast`,70.06,24.15,2000
Tul`skaja oblast`,68.84,24.47,2001
Tul`skaja oblast`,64.56,28.3,2002
Tul`skaja oblast`,65.74,26.8,2003
Tul`skaja oblast`,63.9,26.8,2004
Tul`skaja oblast`,61.06,29.0,2005
Tul`skaja oblast`,53.01,33.67,2006
Tul`skaja oblast`,51.96,32.93,2007
Tul`skaja oblast`,49.8,33.91,2008
Tul`skaja oblast`,49.7,33.25,2009
Tul`skaja oblast`,50.27,32.51,2010
Tul`skaja oblast`,49.92,33.67,2011
Tul`skaja oblast`,50.8,31.47,2012
Tul`skaja oblast`,45.71,38.03,2013
Tul`skaja oblast`,39.56,42.21,2014
Tul`skaja oblast`,39.28,43.55,2015
Tjumenskaja oblast`,72.26,18.69,1998
Tjumenskaja oblast`,69.09,22.01,1999
Tjumenskaja oblast`,73.37,18.8,2000
Tjumenskaja oblast`,70.8,21.15,2001
Tjumenskaja oblast`,65.51,27.06,2002
Tjumenskaja oblast`,57.02,35.75,2003
Tjumenskaja oblast`,56.91,36.14,2004
Tjumenskaja oblast`,56.41,37.72,2005
Tjumenskaja oblast`,57.22,38.51,2006
Tjumenskaja oblast`,49.44,38.79,2007
Tjumenskaja oblast`,49.22,38.31,2008
Tjumenskaja oblast`,47.15,38.67,2009
Tjumenskaja oblast`,45.82,39.11,2010
Tjumenskaja oblast`,44.73,40.07,2011
Tjumenskaja oblast`,44.76,39.87,2012
Tjumenskaja oblast`,44.44,40.33,2013
Tjumenskaja oblast`,43.05,42.34,2014
Tjumenskaja oblast`,43.13,42.07,2015
Ul`janovskaja oblast`,66.26,29.71,1998
Ul`janovskaja oblast`,62.69,34.23,1999
Ul`janovskaja oblast`,62.79,34.46,2000
Ul`janovskaja oblast`,59.32,36.85,2001
Ul`janovskaja oblast`,58.04,35.71,2002
Ul`janovskaja oblast`,59.82,30.27,2003
Ul`janovskaja oblast`,56.98,31.02,2004
Ul`janovskaja oblast`,64.46,23.45,2005
Ul`janovskaja oblast`,49.05,38.41,2006
Ul`janovskaja oblast`,47.59,38.78,2007
Ul`janovskaja oblast`,50.1,32.17,2008
Ul`janovskaja oblast`,51.98,31.24,2009
Ul`janovskaja oblast`,52.13,29.62,2010
Ul`janovskaja oblast`,45.73,36.96,2011
Ul`janovskaja oblast`,45.59,37.95,2012
Ul`janovskaja oblast`,43.79,40.83,2013
Ul`janovskaja oblast`,35.95,43.65,2014
Ul`janovskaja oblast`,33.63,47.8,2015
CHeljabinskaja oblast`,66.8,20.99,1998
CHeljabinskaja oblast`,70.77,20.54,1999
CHeljabinskaja oblast`,67.45,24.86,2000
CHeljabinskaja oblast`,68.27,23.81,2001
CHeljabinskaja oblast`,65.06,26.96,2002
CHeljabinskaja oblast`,60.72,30.13,2003
CHeljabinskaja oblast`,57.11,33.04,2004
CHeljabinskaja oblast`,56.5,32.92,2005
CHeljabinskaja oblast`,48.78,39.6,2006
CHeljabinskaja oblast`,42.94,42.62,2007
CHeljabinskaja oblast`,42.14,44.55,2008
CHeljabinskaja oblast`,43.12,42.84,2009
CHeljabinskaja oblast`,40.25,46.05,2010
CHeljabinskaja oblast`,44.74,41.62,2011
CHeljabinskaja oblast`,47.62,38.94,2012
CHeljabinskaja oblast`,34.95,51.27,2013
CHeljabinskaja oblast`,37.62,43.7,2014
CHeljabinskaja oblast`,40.44,39.79,2015
Zabajkal`skij kraj,76.86,16.53,1998
Zabajkal`skij kraj,75.06,18.6,1999
Zabajkal`skij kraj,71.36,20.9,2000
Zabajkal`skij kraj,66.95,23.16,2001
Zabajkal`skij kraj,66.17,23.75,2002
Zabajkal`skij kraj,64.54,24.79,2003
Zabajkal`skij kraj,56.54,33.14,2004
Zabajkal`skij kraj,49.01,39.94,2005
Zabajkal`skij kraj,49.57,40.52,2006
Zabajkal`skij kraj,56.99,32.66,2007
Zabajkal`skij kraj,56.26,32.9,2008
Zabajkal`skij kraj,55.65,33.67,2009
Zabajkal`skij kraj,55.41,33.75,2010
Zabajkal`skij kraj,55.48,33.56,2011
Zabajkal`skij kraj,54.82,34.26,2012
Zabajkal`skij kraj,54.24,34.44,2013
Zabajkal`skij kraj,55.22,29.11,2014
Zabajkal`skij kraj,55.08,28.98,2015
JAroslavskaja oblast`,79.0,15.16,1998
JAroslavskaja oblast`,76.53,17.95,1999
JAroslavskaja oblast`,67.19,26.2,2000
JAroslavskaja oblast`,62.72,29.97,2001
JAroslavskaja oblast`,60.57,33.61,2002
JAroslavskaja oblast`,66.96,28.04,2003
JAroslavskaja oblast`,66.93,28.15,2004
JAroslavskaja oblast`,59.58,32.2,2005
JAroslavskaja oblast`,58.24,33.08,2006
JAroslavskaja oblast`,54.16,31.74,2007
JAroslavskaja oblast`,51.49,32.92,2008
JAroslavskaja oblast`,50.9,33.45,2009
JAroslavskaja oblast`,45.94,35.91,2010
JAroslavskaja oblast`,45.65,37.25,2011
JAroslavskaja oblast`,48.01,34.68,2012
JAroslavskaja oblast`,44.75,39.97,2013
JAroslavskaja oblast`,44.89,34.87,2014
JAroslavskaja oblast`,44.69,35.44,2015
Moskva,71.48,14.18,1998
Moskva,63.48,23.76,1999
Moskva,62.28,25.59,2000
Moskva,59.66,29.87,2001
Moskva,59.34,30.56,2002
Moskva,60.32,29.21,2003
Moskva,59.47,30.69,2004
Moskva,57.91,32.45,2005
Moskva,56.8,33.11,2006
Moskva,56.26,31.14,2007
Moskva,53.45,31.68,2008
Moskva,54.64,28.2,2009
Moskva,49.0,32.4,2010
Moskva,48.86,32.95,2011
Moskva,48.75,33.2,2012
Moskva,47.86,34.58,2013
Moskva,49.31,32.54,2014
Moskva,46.93,35.07,2015
Sankt-Peterburg,70.46,19.98,1998
Sankt-Peterburg,58.92,32.52,1999
Sankt-Peterburg,56.44,32.73,2000
Sankt-Peterburg,49.2,40.07,2001
Sankt-Peterburg,50.82,38.63,2002
Sankt-Peterburg,45.66,42.15,2003
Sankt-Peterburg,46.57,43.51,2004
Sankt-Peterburg,47.35,38.29,2005
Sankt-Peterburg,44.98,42.96,2006
Sankt-Peterburg,43.42,41.25,2007
Sankt-Peterburg,36.19,45.57,2008
Sankt-Peterburg,29.74,56.56,2009
Sankt-Peterburg,33.6,50.05,2010
Sankt-Peterburg,38.52,44.32,2011
Sankt-Peterburg,37.74,42.34,2012
Sankt-Peterburg,43.52,33.39,2013
Sankt-Peterburg,43.86,29.76,2014
Sankt-Peterburg,45.0,28.8,2015
Evrejskaja avtonomnaja oblast`,82.2,10.36,1998
Evrejskaja avtonomnaja oblast`,80.41,10.14,1999
Evrejskaja avtonomnaja oblast`,78.38,10.76,2000
Evrejskaja avtonomnaja oblast`,75.12,13.93,2001
Evrejskaja avtonomnaja oblast`,61.29,27.02,2002
Evrejskaja avtonomnaja oblast`,48.65,37.06,2003
Evrejskaja avtonomnaja oblast`,48.06,41.48,2004
Evrejskaja avtonomnaja oblast`,44.89,46.7,2005
Evrejskaja avtonomnaja oblast`,47.27,44.35,2006
Evrejskaja avtonomnaja oblast`,51.62,37.09,2007
Evrejskaja avtonomnaja oblast`,52.88,35.17,2008
Evrejskaja avtonomnaja oblast`,52.5,35.82,2009
Evrejskaja avtonomnaja oblast`,55.26,33.74,2010
Evrejskaja avtonomnaja oblast`,55.17,33.9,2011
Evrejskaja avtonomnaja oblast`,55.77,33.87,2012
Evrejskaja avtonomnaja oblast`,49.04,39.51,2013
Evrejskaja avtonomnaja oblast`,48.21,38.42,2014
Evrejskaja avtonomnaja oblast`,48.85,38.03,2015
Burjatija,89.77,6.25,1998
Burjatija,90.71,5.5,1999
Burjatija,85.45,11.0,2000
Burjatija,89.25,6.98,2001
Burjatija,84.7,11.17,2002
Burjatija,71.36,21.05,2003
Burjatija,64.99,23.77,2004
Burjatija,70.29,20.44,2005
Burjatija,63.63,27.66,2006
Burjatija,66.87,23.19,2007
Burjatija,63.99,25.23,2008
Burjatija,62.55,26.08,2009
Burjatija,63.39,23.94,2010
Burjatija,64.28,23.11,2011
Burjatija,63.37,23.28,2012
Burjatija,60.69,28.9,2013
Burjatija,56.52,30.85,2014
Burjatija,53.87,31.45,2015
CHukotskij avtonomnyj okrug,88.55,4.33,1998
CHukotskij avtonomnyj okrug,90.69,3.89,1999
CHukotskij avtonomnyj okrug,79.66,7.97,2000
CHukotskij avtonomnyj okrug,79.9,11.21,2001
CHukotskij avtonomnyj okrug,86.08,5.18,2002
CHukotskij avtonomnyj okrug,75.19,9.4,2003
CHukotskij avtonomnyj okrug,75.43,8.21,2004
CHukotskij avtonomnyj okrug,75.94,7.78,2005
CHukotskij avtonomnyj okrug,79.61,6.44,2006
CHukotskij avtonomnyj okrug,77.69,7.09,2007
CHukotskij avtonomnyj okrug,77.08,6.97,2008
CHukotskij avtonomnyj okrug,76.49,6.04,2009
CHukotskij avtonomnyj okrug,72.26,10.06,2010
CHukotskij avtonomnyj okrug,70.62,10.13,2011
CHukotskij avtonomnyj okrug,66.09,14.47,2012
CHukotskij avtonomnyj okrug,66.45,16.74,2013
CHukotskij avtonomnyj okrug,54.99,19.89,2014
CHukotskij avtonomnyj okrug,58.12,27.42,2015
