region,priceVodka,sellVodka,year
Republic of Adygea,,8.0,2003
Republic of Adygea,294.93,8.6,2004
Republic of Adygea,300.51,10.4,2005
Republic of Adygea,290.78,8.1,2006
Republic of Adygea,339.91,6.8,2007
Republic of Adygea,385.69,6.4,2008
Republic of Adygea,405.07,7.4,2009
Republic of Adygea,406.67,6.6,2010
Republic of Adygea,449.93,6.9,2011
Republic of Adygea,459.85,5.6,2012
Republic of Adygea,542.11,4.7,2013
Republic of Adygea,,4.1,2014
Republic of Adygea,,3.8,2015
Republic of Bashkortostan,,8.3,2003
Republic of Bashkortostan,171.4,9.2,2004
Republic of Bashkortostan,245.0,10.0,2005
Republic of Bashkortostan,262.72,10.6,2006
Republic of Bashkortostan,319.32,11.1,2007
Republic of Bashkortostan,310.79,9.6,2008
Republic of Bashkortostan,338.77,9.1,2009
Republic of Bashkortostan,408.69,8.7,2010
Republic of Bashkortostan,438.92,10.97,2011
Republic of Bashkortostan,438.56,11.7,2012
Republic of Bashkortostan,499.93,10.8,2013
Republic of Bashkortostan,,9.5,2014
Republic of Bashkortostan,,6.2,2015
,,,2003
,339.64,,2004
,356.79,,2005
,336.7,,2006
,387.31,,2007
,347.82,,2008
,386.98,,2009
,373.95,,2010
,623.15,,2011
,647.93,,2012
,798.9,,2013
,,,2014
,,,2015
Altai Republic,,10.6,2003
Altai Republic,438.06,11.2,2004
Altai Republic,508.38,11.7,2005
Altai Republic,409.19,9.5,2006
Altai Republic,396.26,10.5,2007
Altai Republic,467.08,10.5,2008
Altai Republic,546.89,10.4,2009
Altai Republic,583.76,9.9,2010
Altai Republic,623.5,10.19,2011
Altai Republic,658.31,9.9,2012
Altai Republic,710.66,9.1,2013
Altai Republic,,8.8,2014
Altai Republic,,8.4,2015
Republic of Dagestan,,8.7,2003
Republic of Dagestan,172.12,9.5,2004
Republic of Dagestan,174.18,10.8,2005
Republic of Dagestan,191.47,11.7,2006
Republic of Dagestan,187.32,12.2,2007
Republic of Dagestan,227.61,12.9,2008
Republic of Dagestan,269.75,13.2,2009
Republic of Dagestan,308.97,10.2,2010
Republic of Dagestan,398.4,7.88,2011
Republic of Dagestan,373.09,8.0,2012
Republic of Dagestan,456.24,4.8,2013
Republic of Dagestan,,2.9,2014
Republic of Dagestan,,1.9,2015
Republic of Ingushetia,,4.6,2003
Republic of Ingushetia,,3.6,2004
Republic of Ingushetia,,0.8,2005
Republic of Ingushetia,,1.0,2006
Republic of Ingushetia,,1.0,2007
Republic of Ingushetia,,0.0,2008
Republic of Ingushetia,,0.1,2009
Republic of Ingushetia,,0.05,2010
Republic of Ingushetia,,,2011
Republic of Ingushetia,,,2012
Republic of Ingushetia,,,2013
Republic of Ingushetia,,0.0,2014
Republic of Ingushetia,,,2015
Kabardino-Balkar Republic,,12.8,2003
Kabardino-Balkar Republic,296.9,12.3,2004
Kabardino-Balkar Republic,304.7,10.4,2005
Kabardino-Balkar Republic,336.74,6.6,2006
Kabardino-Balkar Republic,262.38,5.1,2007
Kabardino-Balkar Republic,349.27,5.2,2008
Kabardino-Balkar Republic,384.78,3.7,2009
Kabardino-Balkar Republic,496.56,3.5,2010
Kabardino-Balkar Republic,556.05,3.08,2011
Kabardino-Balkar Republic,714.64,2.3,2012
Kabardino-Balkar Republic,823.97,1.6,2013
Kabardino-Balkar Republic,,0.6,2014
Kabardino-Balkar Republic,,0.6,2015
Republic of Kalmykia,,15.4,2003
Republic of Kalmykia,217.26,15.3,2004
Republic of Kalmykia,268.73,7.8,2005
Republic of Kalmykia,290.7,7.8,2006
Republic of Kalmykia,321.31,8.1,2007
Republic of Kalmykia,365.06,7.5,2008
Republic of Kalmykia,403.57,6.9,2009
Republic of Kalmykia,344.45,5.5,2010
Republic of Kalmykia,372.92,4.87,2011
Republic of Kalmykia,378.27,4.9,2012
Republic of Kalmykia,439.71,4.3,2013
Republic of Kalmykia,,3.6,2014
Republic of Kalmykia,,3.6,2015
Karachay-Cherkess Republic,,14.9,2003
Karachay-Cherkess Republic,256.54,14.9,2004
Karachay-Cherkess Republic,287.2,5.3,2005
Karachay-Cherkess Republic,337.48,5.6,2006
Karachay-Cherkess Republic,313.67,5.1,2007
Karachay-Cherkess Republic,311.92,3.7,2008
Karachay-Cherkess Republic,315.63,2.8,2009
Karachay-Cherkess Republic,307.51,2.3,2010
Karachay-Cherkess Republic,419.8,2.17,2011
Karachay-Cherkess Republic,410.89,1.8,2012
Karachay-Cherkess Republic,489.94,1.2,2013
Karachay-Cherkess Republic,,0.9,2014
Karachay-Cherkess Republic,,0.7,2015
Republic of Karelia,,14.2,2003
Republic of Karelia,182.72,14.0,2004
Republic of Karelia,200.92,14.9,2005
Republic of Karelia,218.42,15.0,2006
Republic of Karelia,240.34,15.9,2007
Republic of Karelia,255.29,17.4,2008
Republic of Karelia,276.36,16.4,2009
Republic of Karelia,305.57,17.6,2010
Republic of Karelia,346.37,19.33,2011
Republic of Karelia,351.27,18.0,2012
Republic of Karelia,454.64,15.4,2013
Republic of Karelia,,13.5,2014
Republic of Karelia,,13.6,2015
Komi Republic,,29.7,2003
Komi Republic,236.89,28.1,2004
Komi Republic,275.64,26.7,2005
Komi Republic,289.49,18.6,2006
Komi Republic,299.23,15.6,2007
Komi Republic,321.32,15.8,2008
Komi Republic,331.64,16.7,2009
Komi Republic,358.86,17.1,2010
Komi Republic,381.68,17.83,2011
Komi Republic,379.49,18.9,2012
Komi Republic,480.28,16.3,2013
Komi Republic,,14.3,2014
Komi Republic,,14.6,2015
Mari El Republic,,12.3,2003
Mari El Republic,205.75,12.0,2004
Mari El Republic,233.62,12.1,2005
Mari El Republic,267.73,12.9,2006
Mari El Republic,272.6,12.7,2007
Mari El Republic,185.79,13.2,2008
Mari El Republic,226.85,12.2,2009
Mari El Republic,256.6,12.3,2010
Mari El Republic,326.58,12.48,2011
Mari El Republic,303.26,12.4,2012
Mari El Republic,367.74,10.6,2013
Mari El Republic,,9.3,2014
Mari El Republic,,9.7,2015
Republic of Mordovia,,9.4,2003
Republic of Mordovia,403.92,9.8,2004
Republic of Mordovia,425.48,9.9,2005
Republic of Mordovia,429.27,10.3,2006
Republic of Mordovia,428.02,8.9,2007
Republic of Mordovia,401.54,9.7,2008
Republic of Mordovia,449.37,9.9,2009
Republic of Mordovia,401.86,10.5,2010
Republic of Mordovia,390.31,10.79,2011
Republic of Mordovia,400.0,10.8,2012
Republic of Mordovia,513.06,9.6,2013
Republic of Mordovia,,7.4,2014
Republic of Mordovia,,7.1,2015
Sakha (Yakutia) Republic,,16.0,2003
Sakha (Yakutia) Republic,346.91,15.0,2004
Sakha (Yakutia) Republic,420.34,14.0,2005
Sakha (Yakutia) Republic,509.74,12.9,2006
Sakha (Yakutia) Republic,539.41,13.1,2007
Sakha (Yakutia) Republic,553.81,13.5,2008
Sakha (Yakutia) Republic,546.23,13.5,2009
Sakha (Yakutia) Republic,604.62,12.8,2010
Sakha (Yakutia) Republic,645.58,11.97,2011
Sakha (Yakutia) Republic,639.44,11.7,2012
Sakha (Yakutia) Republic,718.0,10.7,2013
Sakha (Yakutia) Republic,,9.8,2014
Sakha (Yakutia) Republic,,9.3,2015
Republic of North Ossetia-Alania,,7.6,2003
Republic of North Ossetia-Alania,382.83,5.3,2004
Republic of North Ossetia-Alania,389.67,3.4,2005
Republic of North Ossetia-Alania,428.01,3.8,2006
Republic of North Ossetia-Alania,456.96,3.9,2007
Republic of North Ossetia-Alania,481.18,3.4,2008
Republic of North Ossetia-Alania,551.19,3.0,2009
Republic of North Ossetia-Alania,497.63,3.2,2010
Republic of North Ossetia-Alania,516.85,3.35,2011
Republic of North Ossetia-Alania,576.26,2.8,2012
Republic of North Ossetia-Alania,572.43,2.2,2013
Republic of North Ossetia-Alania,,1.3,2014
Republic of North Ossetia-Alania,,1.1,2015
Republic of Tatarstan,,14.9,2003
Republic of Tatarstan,243.18,13.7,2004
Republic of Tatarstan,253.27,13.2,2005
Republic of Tatarstan,278.08,13.6,2006
Republic of Tatarstan,285.94,14.5,2007
Republic of Tatarstan,296.99,14.6,2008
Republic of Tatarstan,281.81,13.3,2009
Republic of Tatarstan,318.7,13.5,2010
Republic of Tatarstan,347.14,13.19,2011
Republic of Tatarstan,408.55,13.1,2012
Republic of Tatarstan,494.24,10.7,2013
Republic of Tatarstan,,9.3,2014
Republic of Tatarstan,,9.1,2015
Tuva Republic,,14.7,2003
Tuva Republic,176.36,15.2,2004
Tuva Republic,194.29,16.2,2005
Tuva Republic,234.91,11.6,2006
Tuva Republic,287.71,13.9,2007
Tuva Republic,312.58,15.3,2008
Tuva Republic,314.74,15.2,2009
Tuva Republic,334.53,15.2,2010
Tuva Republic,384.42,15.33,2011
Tuva Republic,398.32,12.1,2012
Tuva Republic,612.69,10.3,2013
Tuva Republic,,4.0,2014
Tuva Republic,,3.0,2015
Udmurt Republic,,12.9,2003
Udmurt Republic,114.39,12.4,2004
Udmurt Republic,135.18,12.2,2005
Udmurt Republic,153.04,13.4,2006
Udmurt Republic,167.57,14.6,2007
Udmurt Republic,186.08,14.6,2008
Udmurt Republic,207.28,13.0,2009
Udmurt Republic,213.94,12.1,2010
Udmurt Republic,260.81,13.38,2011
Udmurt Republic,263.77,13.1,2012
Udmurt Republic,374.83,10.9,2013
Udmurt Republic,,9.3,2014
Udmurt Republic,,8.2,2015
Republic of Khakassia,,14.8,2003
Republic of Khakassia,329.76,13.8,2004
Republic of Khakassia,356.36,16.5,2005
Republic of Khakassia,371.54,16.7,2006
Republic of Khakassia,408.82,15.3,2007
Republic of Khakassia,431.49,16.2,2008
Republic of Khakassia,506.5,11.1,2009
Republic of Khakassia,577.24,11.5,2010
Republic of Khakassia,589.2,12.16,2011
Republic of Khakassia,618.17,11.2,2012
Republic of Khakassia,745.35,7.1,2013
Republic of Khakassia,,4.6,2014
Republic of Khakassia,,4.8,2015
Chechen Republic,,,2003
Chechen Republic,225.0,,2004
Chechen Republic,247.5,,2005
Chechen Republic,249.0,,2006
Chechen Republic,301.39,0.02,2007
Chechen Republic,301.4,0.0,2008
Chechen Republic,311.65,0.0,2009
Chechen Republic,323.96,0.0,2010
Chechen Republic,,0.01,2011
Chechen Republic,,,2012
Chechen Republic,,,2013
Chechen Republic,,0.0,2014
Chechen Republic,,,2015
Chuvash Republic,,12.5,2003
Chuvash Republic,159.82,10.9,2004
Chuvash Republic,187.53,11.3,2005
Chuvash Republic,280.81,14.0,2006
Chuvash Republic,303.09,13.8,2007
Chuvash Republic,322.24,15.3,2008
Chuvash Republic,377.98,14.4,2009
Chuvash Republic,399.52,14.8,2010
Chuvash Republic,454.94,14.03,2011
Chuvash Republic,489.28,13.9,2012
Chuvash Republic,788.72,11.3,2013
Chuvash Republic,,9.4,2014
Chuvash Republic,,9.2,2015
Altai Krai,,11.5,2003
Altai Krai,164.92,14.2,2004
Altai Krai,220.2,10.0,2005
Altai Krai,242.12,9.7,2006
Altai Krai,262.13,6.9,2007
Altai Krai,278.04,8.2,2008
Altai Krai,303.81,8.5,2009
Altai Krai,326.46,9.8,2010
Altai Krai,340.37,10.75,2011
Altai Krai,372.86,11.0,2012
Altai Krai,436.22,8.7,2013
Altai Krai,,5.5,2014
Altai Krai,,5.5,2015
Krasnodar Krai,,7.9,2003
Krasnodar Krai,304.22,8.0,2004
Krasnodar Krai,322.9,8.1,2005
Krasnodar Krai,341.47,7.2,2006
Krasnodar Krai,452.28,7.2,2007
Krasnodar Krai,482.98,7.4,2008
Krasnodar Krai,493.43,6.4,2009
Krasnodar Krai,513.73,6.2,2010
Krasnodar Krai,535.92,6.47,2011
Krasnodar Krai,584.12,5.8,2012
Krasnodar Krai,669.05,5.0,2013
Krasnodar Krai,,4.2,2014
Krasnodar Krai,,4.0,2015
Krasnoyarsk Krai,,15.5,2003
Krasnoyarsk Krai,274.0,9.2,2004
Krasnoyarsk Krai,314.91,9.8,2005
Krasnoyarsk Krai,331.11,9.6,2006
Krasnoyarsk Krai,347.32,12.5,2007
Krasnoyarsk Krai,347.62,12.2,2008
Krasnoyarsk Krai,388.08,11.6,2009
Krasnoyarsk Krai,379.47,11.3,2010
Krasnoyarsk Krai,392.5,10.98,2011
Krasnoyarsk Krai,498.05,10.8,2012
Krasnoyarsk Krai,593.75,9.4,2013
Krasnoyarsk Krai,,6.7,2014
Krasnoyarsk Krai,,6.7,2015
Primorsky Krai,,16.2,2003
Primorsky Krai,281.48,13.8,2004
Primorsky Krai,291.99,15.9,2005
Primorsky Krai,297.72,14.8,2006
Primorsky Krai,361.07,13.5,2007
Primorsky Krai,415.55,12.6,2008
Primorsky Krai,403.11,11.7,2009
Primorsky Krai,431.4,11.1,2010
Primorsky Krai,448.76,10.91,2011
Primorsky Krai,494.65,11.2,2012
Primorsky Krai,569.42,11.4,2013
Primorsky Krai,,11.4,2014
Primorsky Krai,,11.8,2015
Stavropol Krai,,10.0,2003
Stavropol Krai,313.48,7.8,2004
Stavropol Krai,345.16,8.0,2005
Stavropol Krai,359.95,6.3,2006
Stavropol Krai,380.0,6.6,2007
Stavropol Krai,518.55,6.0,2008
Stavropol Krai,752.96,5.0,2009
Stavropol Krai,487.47,4.4,2010
Stavropol Krai,511.89,5.14,2011
Stavropol Krai,657.44,5.3,2012
Stavropol Krai,781.89,4.5,2013
Stavropol Krai,,3.0,2014
Stavropol Krai,,3.0,2015
Khabarovsk Krai,,15.2,2003
Khabarovsk Krai,194.86,14.6,2004
Khabarovsk Krai,189.94,15.6,2005
Khabarovsk Krai,212.29,14.4,2006
Khabarovsk Krai,243.0,14.9,2007
Khabarovsk Krai,284.03,16.8,2008
Khabarovsk Krai,345.82,15.5,2009
Khabarovsk Krai,353.73,16.5,2010
Khabarovsk Krai,396.63,16.87,2011
Khabarovsk Krai,415.43,17.8,2012
Khabarovsk Krai,503.67,14.1,2013
Khabarovsk Krai,,12.0,2014
Khabarovsk Krai,,9.0,2015
Amur Oblast,,17.4,2003
Amur Oblast,248.43,18.1,2004
Amur Oblast,267.28,20.8,2005
Amur Oblast,291.21,19.3,2006
Amur Oblast,334.31,17.3,2007
Amur Oblast,382.13,13.8,2008
Amur Oblast,424.84,10.5,2009
Amur Oblast,460.04,11.6,2010
Amur Oblast,486.38,12.02,2011
Amur Oblast,540.34,13.3,2012
Amur Oblast,618.01,10.2,2013
Amur Oblast,,8.3,2014
Amur Oblast,,8.0,2015
Arkhangelsk Oblast,,31.9,2003
Arkhangelsk Oblast,232.84,18.5,2004
Arkhangelsk Oblast,275.22,17.6,2005
Arkhangelsk Oblast,300.65,16.9,2006
Arkhangelsk Oblast,331.77,15.6,2007
Arkhangelsk Oblast,353.87,16.6,2008
Arkhangelsk Oblast,385.13,15.9,2009
Arkhangelsk Oblast,436.72,16.2,2010
Arkhangelsk Oblast,429.69,16.64,2011
Arkhangelsk Oblast,523.89,16.1,2012
Arkhangelsk Oblast,639.76,14.4,2013
Arkhangelsk Oblast,,12.8,2014
Arkhangelsk Oblast,,12.3,2015
Astrakhan Oblast,,12.4,2003
Astrakhan Oblast,252.76,12.9,2004
Astrakhan Oblast,265.6,11.0,2005
Astrakhan Oblast,277.23,9.6,2006
Astrakhan Oblast,302.64,9.6,2007
Astrakhan Oblast,295.68,9.1,2008
Astrakhan Oblast,325.35,8.7,2009
Astrakhan Oblast,279.53,9.2,2010
Astrakhan Oblast,297.07,8.74,2011
Astrakhan Oblast,324.53,9.5,2012
Astrakhan Oblast,483.97,7.3,2013
Astrakhan Oblast,,5.8,2014
Astrakhan Oblast,,5.2,2015
Belgorod Oblast,,9.7,2003
Belgorod Oblast,282.7,10.0,2004
Belgorod Oblast,294.74,11.1,2005
Belgorod Oblast,318.85,12.4,2006
Belgorod Oblast,383.75,11.0,2007
Belgorod Oblast,418.9,10.1,2008
Belgorod Oblast,427.56,9.3,2009
Belgorod Oblast,617.47,6.5,2010
Belgorod Oblast,702.96,7.25,2011
Belgorod Oblast,632.05,7.0,2012
Belgorod Oblast,698.59,6.6,2013
Belgorod Oblast,,5.2,2014
Belgorod Oblast,,4.9,2015
Bryansk Oblast,,8.7,2003
Bryansk Oblast,235.1,8.6,2004
Bryansk Oblast,258.29,8.6,2005
Bryansk Oblast,278.58,10.9,2006
Bryansk Oblast,308.69,9.6,2007
Bryansk Oblast,346.39,10.2,2008
Bryansk Oblast,398.57,10.5,2009
Bryansk Oblast,463.47,10.8,2010
Bryansk Oblast,489.23,10.56,2011
Bryansk Oblast,549.39,10.0,2012
Bryansk Oblast,632.99,7.8,2013
Bryansk Oblast,,6.4,2014
Bryansk Oblast,,6.9,2015
Vladimir Oblast,,15.4,2003
Vladimir Oblast,176.09,17.3,2004
Vladimir Oblast,233.21,16.9,2005
Vladimir Oblast,258.48,15.3,2006
Vladimir Oblast,296.49,12.6,2007
Vladimir Oblast,364.98,11.7,2008
Vladimir Oblast,411.52,11.7,2009
Vladimir Oblast,437.95,12.0,2010
Vladimir Oblast,468.96,12.26,2011
Vladimir Oblast,466.52,11.9,2012
Vladimir Oblast,625.84,10.9,2013
Vladimir Oblast,,7.9,2014
Vladimir Oblast,,8.1,2015
Volgograd Oblast,,13.2,2003
Volgograd Oblast,249.27,12.5,2004
Volgograd Oblast,256.27,11.5,2005
Volgograd Oblast,297.84,9.5,2006
Volgograd Oblast,315.52,8.6,2007
Volgograd Oblast,371.88,7.3,2008
Volgograd Oblast,398.44,7.6,2009
Volgograd Oblast,429.0,6.9,2010
Volgograd Oblast,452.5,6.59,2011
Volgograd Oblast,494.27,5.9,2012
Volgograd Oblast,621.02,4.7,2013
Volgograd Oblast,,3.6,2014
Volgograd Oblast,,3.6,2015
Vologda Oblast,,24.6,2003
Vologda Oblast,416.19,26.7,2004
Vologda Oblast,432.72,21.9,2005
Vologda Oblast,448.44,17.5,2006
Vologda Oblast,504.04,16.2,2007
Vologda Oblast,406.83,17.5,2008
Vologda Oblast,522.96,15.2,2009
Vologda Oblast,527.1,12.9,2010
Vologda Oblast,521.87,15.44,2011
Vologda Oblast,668.45,14.9,2012
Vologda Oblast,921.71,12.9,2013
Vologda Oblast,,11.1,2014
Vologda Oblast,,11.3,2015
Voronezh Oblast,,10.8,2003
Voronezh Oblast,259.21,12.6,2004
Voronezh Oblast,280.36,13.8,2005
Voronezh Oblast,288.81,11.1,2006
Voronezh Oblast,309.93,11.9,2007
Voronezh Oblast,374.51,12.9,2008
Voronezh Oblast,371.9,13.0,2009
Voronezh Oblast,404.56,9.4,2010
Voronezh Oblast,484.59,8.41,2011
Voronezh Oblast,539.81,8.5,2012
Voronezh Oblast,639.23,8.0,2013
Voronezh Oblast,,4.9,2014
Voronezh Oblast,,5.4,2015
Ivanovo Oblast,,15.4,2003
Ivanovo Oblast,286.8,17.3,2004
Ivanovo Oblast,308.15,12.5,2005
Ivanovo Oblast,326.83,11.1,2006
Ivanovo Oblast,399.71,13.5,2007
Ivanovo Oblast,470.15,11.7,2008
Ivanovo Oblast,462.41,10.8,2009
Ivanovo Oblast,501.41,10.2,2010
Ivanovo Oblast,478.18,11.14,2011
Ivanovo Oblast,540.12,11.9,2012
Ivanovo Oblast,628.75,9.3,2013
Ivanovo Oblast,,7.0,2014
Ivanovo Oblast,,7.8,2015
Irkutsk Oblast,,10.2,2003
Irkutsk Oblast,383.09,22.7,2004
Irkutsk Oblast,436.39,23.0,2005
Irkutsk Oblast,475.94,23.0,2006
Irkutsk Oblast,494.34,11.6,2007
Irkutsk Oblast,549.23,12.0,2008
Irkutsk Oblast,453.97,11.4,2009
Irkutsk Oblast,495.34,11.4,2010
Irkutsk Oblast,559.41,10.98,2011
Irkutsk Oblast,640.85,10.8,2012
Irkutsk Oblast,705.94,9.4,2013
Irkutsk Oblast,,7.7,2014
Irkutsk Oblast,,7.2,2015
Kaliningrad Oblast,,20.0,2003
Kaliningrad Oblast,196.34,20.0,2004
Kaliningrad Oblast,232.6,15.9,2005
Kaliningrad Oblast,263.75,16.9,2006
Kaliningrad Oblast,275.25,17.3,2007
Kaliningrad Oblast,302.48,14.7,2008
Kaliningrad Oblast,304.29,10.5,2009
Kaliningrad Oblast,324.06,15.6,2010
Kaliningrad Oblast,387.9,14.65,2011
Kaliningrad Oblast,426.07,14.8,2012
Kaliningrad Oblast,746.46,13.2,2013
Kaliningrad Oblast,,7.7,2014
Kaliningrad Oblast,,7.3,2015
Kaluga Oblast,,9.0,2003
Kaluga Oblast,139.57,11.4,2004
Kaluga Oblast,183.81,13.9,2005
Kaluga Oblast,197.35,11.3,2006
Kaluga Oblast,206.65,11.8,2007
Kaluga Oblast,232.35,10.8,2008
Kaluga Oblast,276.81,10.2,2009
Kaluga Oblast,285.75,11.2,2010
Kaluga Oblast,311.74,11.62,2011
Kaluga Oblast,333.69,11.9,2012
Kaluga Oblast,460.52,11.7,2013
Kaluga Oblast,,9.0,2014
Kaluga Oblast,,8.9,2015
Kamchatka Krai,,25.1,2003
Kamchatka Krai,289.96,22.2,2004
Kamchatka Krai,319.66,22.8,2005
Kamchatka Krai,337.32,20.4,2006
Kamchatka Krai,438.75,18.6,2007
Kamchatka Krai,546.22,18.2,2008
Kamchatka Krai,568.33,17.5,2009
Kamchatka Krai,637.48,16.9,2010
Kamchatka Krai,661.83,16.83,2011
Kamchatka Krai,645.39,15.4,2012
Kamchatka Krai,703.73,15.1,2013
Kamchatka Krai,,13.0,2014
Kamchatka Krai,,12.8,2015
Kemerovo Oblast,,20.1,2003
Kemerovo Oblast,286.26,21.2,2004
Kemerovo Oblast,298.02,19.3,2005
Kemerovo Oblast,296.97,19.7,2006
Kemerovo Oblast,233.04,19.6,2007
Kemerovo Oblast,245.42,17.6,2008
Kemerovo Oblast,267.23,13.9,2009
Kemerovo Oblast,280.83,13.6,2010
Kemerovo Oblast,304.35,13.7,2011
Kemerovo Oblast,352.74,14.2,2012
Kemerovo Oblast,458.23,11.3,2013
Kemerovo Oblast,,7.4,2014
Kemerovo Oblast,,6.9,2015
Kirov Oblast,,13.5,2003
Kirov Oblast,212.69,12.8,2004
Kirov Oblast,231.18,12.8,2005
Kirov Oblast,238.77,12.9,2006
Kirov Oblast,266.53,13.8,2007
Kirov Oblast,271.4,14.5,2008
Kirov Oblast,295.12,14.2,2009
Kirov Oblast,302.27,15.2,2010
Kirov Oblast,319.12,15.09,2011
Kirov Oblast,379.46,15.1,2012
Kirov Oblast,643.64,12.9,2013
Kirov Oblast,,10.6,2014
Kirov Oblast,,10.1,2015
Kostroma Oblast,,16.5,2003
Kostroma Oblast,148.82,18.0,2004
Kostroma Oblast,187.7,19.7,2005
Kostroma Oblast,193.93,16.9,2006
Kostroma Oblast,232.43,15.8,2007
Kostroma Oblast,238.76,13.2,2008
Kostroma Oblast,273.59,12.4,2009
Kostroma Oblast,300.39,12.8,2010
Kostroma Oblast,328.95,11.87,2011
Kostroma Oblast,378.14,12.3,2012
Kostroma Oblast,480.85,11.5,2013
Kostroma Oblast,,9.0,2014
Kostroma Oblast,,8.4,2015
Kurgan Oblast,,9.2,2003
Kurgan Oblast,313.24,8.3,2004
Kurgan Oblast,329.23,7.4,2005
Kurgan Oblast,345.27,6.9,2006
Kurgan Oblast,369.64,8.0,2007
Kurgan Oblast,358.01,9.0,2008
Kurgan Oblast,448.86,9.0,2009
Kurgan Oblast,482.91,8.5,2010
Kurgan Oblast,485.92,7.72,2011
Kurgan Oblast,515.69,7.5,2012
Kurgan Oblast,598.23,5.8,2013
Kurgan Oblast,,4.2,2014
Kurgan Oblast,,3.5,2015
Kursk Oblast,,7.5,2003
Kursk Oblast,245.15,7.2,2004
Kursk Oblast,256.52,7.9,2005
Kursk Oblast,224.34,7.2,2006
Kursk Oblast,259.26,8.0,2007
Kursk Oblast,266.68,7.7,2008
Kursk Oblast,307.81,8.4,2009
Kursk Oblast,269.22,8.4,2010
Kursk Oblast,296.61,7.73,2011
Kursk Oblast,447.67,7.7,2012
Kursk Oblast,558.69,7.6,2013
Kursk Oblast,,4.3,2014
Kursk Oblast,,4.1,2015
Leningrad Oblast,,18.5,2003
Leningrad Oblast,250.73,20.4,2004
Leningrad Oblast,258.09,23.2,2005
Leningrad Oblast,284.65,19.4,2006
Leningrad Oblast,313.05,13.6,2007
Leningrad Oblast,444.01,15.1,2008
Leningrad Oblast,426.59,18.8,2009
Leningrad Oblast,471.6,17.8,2010
Leningrad Oblast,520.0,15.38,2011
Leningrad Oblast,596.14,14.4,2012
Leningrad Oblast,681.64,12.2,2013
Leningrad Oblast,,10.6,2014
Leningrad Oblast,,9.8,2015
Lipetsk Oblast,,10.1,2003
Lipetsk Oblast,247.08,10.2,2004
Lipetsk Oblast,256.95,10.5,2005
Lipetsk Oblast,262.2,10.4,2006
Lipetsk Oblast,293.93,10.5,2007
Lipetsk Oblast,313.18,9.0,2008
Lipetsk Oblast,343.08,9.3,2009
Lipetsk Oblast,368.71,9.3,2010
Lipetsk Oblast,353.75,8.85,2011
Lipetsk Oblast,388.0,8.1,2012
Lipetsk Oblast,474.55,7.1,2013
Lipetsk Oblast,,5.0,2014
Lipetsk Oblast,,5.0,2015
Magadan Oblast,,18.4,2003
Magadan Oblast,276.78,16.8,2004
Magadan Oblast,291.49,16.5,2005
Magadan Oblast,295.76,16.3,2006
Magadan Oblast,317.27,16.3,2007
Magadan Oblast,323.04,17.1,2008
Magadan Oblast,360.39,20.8,2009
Magadan Oblast,353.53,18.1,2010
Magadan Oblast,359.05,17.53,2011
Magadan Oblast,689.25,24.3,2012
Magadan Oblast,820.9,17.8,2013
Magadan Oblast,,16.5,2014
Magadan Oblast,,13.5,2015
Moscow Oblast,,20.5,2003
Moscow Oblast,225.0,21.8,2004
Moscow Oblast,237.57,19.8,2005
Moscow Oblast,241.12,21.2,2006
Moscow Oblast,244.06,16.9,2007
Moscow Oblast,275.78,15.1,2008
Moscow Oblast,309.02,13.5,2009
Moscow Oblast,337.94,13.0,2010
Moscow Oblast,357.17,12.96,2011
Moscow Oblast,402.15,11.3,2012
Moscow Oblast,518.15,11.5,2013
Moscow Oblast,,10.1,2014
Moscow Oblast,,9.9,2015
Murmansk Oblast,,21.3,2003
Murmansk Oblast,384.4,21.7,2004
Murmansk Oblast,410.94,21.9,2005
Murmansk Oblast,425.44,19.3,2006
Murmansk Oblast,475.14,18.9,2007
Murmansk Oblast,548.53,17.7,2008
Murmansk Oblast,602.71,15.3,2009
Murmansk Oblast,847.88,12.7,2010
Murmansk Oblast,954.99,12.6,2011
Murmansk Oblast,993.9,13.1,2012
Murmansk Oblast,1102.49,13.2,2013
Murmansk Oblast,,11.3,2014
Murmansk Oblast,,10.7,2015
Nizhny Novgorod Oblast,,11.1,2003
Nizhny Novgorod Oblast,234.09,11.9,2004
Nizhny Novgorod Oblast,269.42,11.9,2005
Nizhny Novgorod Oblast,290.42,14.1,2006
Nizhny Novgorod Oblast,319.24,12.0,2007
Nizhny Novgorod Oblast,365.67,12.2,2008
Nizhny Novgorod Oblast,368.19,11.8,2009
Nizhny Novgorod Oblast,364.57,11.5,2010
Nizhny Novgorod Oblast,399.85,10.98,2011
Nizhny Novgorod Oblast,436.61,10.5,2012
Nizhny Novgorod Oblast,680.79,8.5,2013
Nizhny Novgorod Oblast,,7.0,2014
Nizhny Novgorod Oblast,,6.4,2015
Novgorod Oblast,,13.2,2003
Novgorod Oblast,195.63,13.7,2004
Novgorod Oblast,231.08,13.5,2005
Novgorod Oblast,239.09,15.0,2006
Novgorod Oblast,276.84,13.8,2007
Novgorod Oblast,328.31,14.4,2008
Novgorod Oblast,409.89,14.0,2009
Novgorod Oblast,461.65,14.7,2010
Novgorod Oblast,460.02,14.89,2011
Novgorod Oblast,476.53,14.7,2012
Novgorod Oblast,567.29,12.6,2013
Novgorod Oblast,,10.5,2014
Novgorod Oblast,,10.1,2015
Novosibirsk Oblast,,20.4,2003
Novosibirsk Oblast,323.72,11.5,2004
Novosibirsk Oblast,342.13,7.8,2005
Novosibirsk Oblast,429.4,7.3,2006
Novosibirsk Oblast,468.98,16.8,2007
Novosibirsk Oblast,604.85,13.6,2008
Novosibirsk Oblast,701.39,11.2,2009
Novosibirsk Oblast,741.76,10.7,2010
Novosibirsk Oblast,811.86,10.37,2011
Novosibirsk Oblast,822.71,9.7,2012
Novosibirsk Oblast,882.52,7.9,2013
Novosibirsk Oblast,,6.5,2014
Novosibirsk Oblast,,5.0,2015
Omsk Oblast,,14.6,2003
Omsk Oblast,188.03,8.9,2004
Omsk Oblast,224.61,9.2,2005
Omsk Oblast,241.11,7.1,2006
Omsk Oblast,242.46,8.2,2007
Omsk Oblast,264.1,8.7,2008
Omsk Oblast,285.36,7.8,2009
Omsk Oblast,287.98,6.9,2010
Omsk Oblast,312.9,6.78,2011
Omsk Oblast,336.99,7.0,2012
Omsk Oblast,442.96,5.0,2013
Omsk Oblast,,4.3,2014
Omsk Oblast,,4.0,2015
Orenburg Oblast,,8.5,2003
Orenburg Oblast,244.23,8.6,2004
Orenburg Oblast,240.37,9.2,2005
Orenburg Oblast,230.85,10.3,2006
Orenburg Oblast,271.07,9.2,2007
Orenburg Oblast,290.1,9.3,2008
Orenburg Oblast,321.95,7.5,2009
Orenburg Oblast,340.02,6.8,2010
Orenburg Oblast,369.29,6.38,2011
Orenburg Oblast,408.71,6.5,2012
Orenburg Oblast,485.94,5.7,2013
Orenburg Oblast,,3.7,2014
Orenburg Oblast,,3.3,2015
Oryol Oblast,,10.6,2003
Oryol Oblast,134.5,8.4,2004
Oryol Oblast,151.27,8.0,2005
Oryol Oblast,204.87,7.7,2006
Oryol Oblast,284.4,7.8,2007
Oryol Oblast,329.96,8.8,2008
Oryol Oblast,374.51,9.1,2009
Oryol Oblast,375.66,8.5,2010
Oryol Oblast,398.11,8.11,2011
Oryol Oblast,447.47,8.0,2012
Oryol Oblast,547.62,6.7,2013
Oryol Oblast,,4.9,2014
Oryol Oblast,,4.7,2015
Penza Oblast,,7.8,2003
Penza Oblast,223.73,6.9,2004
Penza Oblast,238.11,7.7,2005
Penza Oblast,273.91,6.7,2006
Penza Oblast,309.1,7.6,2007
Penza Oblast,309.17,7.5,2008
Penza Oblast,334.08,7.4,2009
Penza Oblast,355.57,7.6,2010
Penza Oblast,376.71,7.89,2011
Penza Oblast,398.05,7.3,2012
Penza Oblast,484.8,6.0,2013
Penza Oblast,,4.9,2014
Penza Oblast,,5.6,2015
Perm Krai,,16.5,2003
Perm Krai,282.7,16.0,2004
Perm Krai,306.37,12.1,2005
Perm Krai,312.02,12.1,2006
Perm Krai,328.97,13.3,2007
Perm Krai,332.58,11.7,2008
Perm Krai,352.71,10.9,2009
Perm Krai,378.94,10.7,2010
Perm Krai,406.31,10.1,2011
Perm Krai,443.84,9.7,2012
Perm Krai,529.06,8.7,2013
Perm Krai,,8.5,2014
Perm Krai,,7.9,2015
Pskov Oblast,,10.9,2003
Pskov Oblast,242.43,10.2,2004
Pskov Oblast,284.93,9.8,2005
Pskov Oblast,314.43,10.0,2006
Pskov Oblast,316.72,11.3,2007
Pskov Oblast,306.53,13.1,2008
Pskov Oblast,314.93,13.5,2009
Pskov Oblast,380.93,15.1,2010
Pskov Oblast,461.56,13.5,2011
Pskov Oblast,505.16,12.1,2012
Pskov Oblast,684.65,8.0,2013
Pskov Oblast,,8.4,2014
Pskov Oblast,,7.5,2015
Rostov Oblast,,6.9,2003
Rostov Oblast,173.52,6.9,2004
Rostov Oblast,260.74,6.7,2005
Rostov Oblast,312.38,5.6,2006
Rostov Oblast,353.93,5.3,2007
Rostov Oblast,378.76,5.5,2008
Rostov Oblast,410.51,5.5,2009
Rostov Oblast,408.99,5.3,2010
Rostov Oblast,443.03,5.27,2011
Rostov Oblast,487.11,5.3,2012
Rostov Oblast,614.57,4.6,2013
Rostov Oblast,,3.9,2014
Rostov Oblast,,3.3,2015
Ryazan Oblast,,12.5,2003
Ryazan Oblast,263.22,10.0,2004
Ryazan Oblast,306.45,9.3,2005
Ryazan Oblast,321.99,9.3,2006
Ryazan Oblast,313.5,9.5,2007
Ryazan Oblast,328.04,9.4,2008
Ryazan Oblast,358.42,8.4,2009
Ryazan Oblast,303.73,8.7,2010
Ryazan Oblast,323.85,8.32,2011
Ryazan Oblast,366.61,9.2,2012
Ryazan Oblast,535.75,7.5,2013
Ryazan Oblast,,5.6,2014
Ryazan Oblast,,5.5,2015
Samara Oblast,,7.9,2003
Samara Oblast,208.34,8.4,2004
Samara Oblast,227.49,10.2,2005
Samara Oblast,247.02,9.3,2006
Samara Oblast,290.95,9.5,2007
Samara Oblast,324.02,10.7,2008
Samara Oblast,351.3,10.2,2009
Samara Oblast,393.39,9.4,2010
Samara Oblast,424.46,9.5,2011
Samara Oblast,447.81,8.2,2012
Samara Oblast,553.59,6.9,2013
Samara Oblast,,4.9,2014
Samara Oblast,,4.4,2015
Saratov Oblast,,8.3,2003
Saratov Oblast,303.61,8.8,2004
Saratov Oblast,336.54,9.6,2005
Saratov Oblast,323.59,8.8,2006
Saratov Oblast,287.06,9.0,2007
Saratov Oblast,347.19,8.6,2008
Saratov Oblast,392.32,8.5,2009
Saratov Oblast,377.53,8.6,2010
Saratov Oblast,399.99,8.75,2011
Saratov Oblast,469.53,8.8,2012
Saratov Oblast,525.03,5.2,2013
Saratov Oblast,,3.4,2014
Saratov Oblast,,3.1,2015
Sakhalin Oblast,,23.2,2003
Sakhalin Oblast,252.03,20.3,2004
Sakhalin Oblast,278.85,19.1,2005
Sakhalin Oblast,334.07,17.1,2006
Sakhalin Oblast,373.9,17.8,2007
Sakhalin Oblast,414.32,19.2,2008
Sakhalin Oblast,553.38,19.2,2009
Sakhalin Oblast,699.19,18.8,2010
Sakhalin Oblast,744.2,18.51,2011
Sakhalin Oblast,793.45,17.1,2012
Sakhalin Oblast,892.71,15.0,2013
Sakhalin Oblast,,13.4,2014
Sakhalin Oblast,,15.1,2015
Sverdlovsk Oblast,,15.2,2003
Sverdlovsk Oblast,228.65,15.9,2004
Sverdlovsk Oblast,243.84,17.3,2005
Sverdlovsk Oblast,286.48,19.7,2006
Sverdlovsk Oblast,375.65,17.2,2007
Sverdlovsk Oblast,454.9,16.0,2008
Sverdlovsk Oblast,464.21,14.9,2009
Sverdlovsk Oblast,483.15,14.1,2010
Sverdlovsk Oblast,560.65,12.81,2011
Sverdlovsk Oblast,536.76,11.6,2012
Sverdlovsk Oblast,645.93,11.8,2013
Sverdlovsk Oblast,,8.4,2014
Sverdlovsk Oblast,,8.4,2015
Smolensk Oblast,,25.6,2003
Smolensk Oblast,232.5,24.5,2004
Smolensk Oblast,243.3,17.7,2005
Smolensk Oblast,311.9,17.8,2006
Smolensk Oblast,310.01,13.4,2007
Smolensk Oblast,363.25,14.1,2008
Smolensk Oblast,408.28,13.5,2009
Smolensk Oblast,414.68,13.4,2010
Smolensk Oblast,413.09,12.46,2011
Smolensk Oblast,401.12,13.0,2012
Smolensk Oblast,538.71,11.2,2013
Smolensk Oblast,,8.8,2014
Smolensk Oblast,,7.9,2015
Tambov Oblast,,14.5,2003
Tambov Oblast,125.14,15.4,2004
Tambov Oblast,187.09,9.8,2005
Tambov Oblast,197.58,9.7,2006
Tambov Oblast,221.11,10.4,2007
Tambov Oblast,214.51,9.7,2008
Tambov Oblast,310.9,10.0,2009
Tambov Oblast,324.35,8.1,2010
Tambov Oblast,320.03,8.18,2011
Tambov Oblast,372.61,8.5,2012
Tambov Oblast,493.02,6.6,2013
Tambov Oblast,,3.9,2014
Tambov Oblast,,3.7,2015
Tver Oblast,,19.3,2003
Tver Oblast,153.51,20.4,2004
Tver Oblast,170.52,19.8,2005
Tver Oblast,195.5,18.1,2006
Tver Oblast,235.34,16.5,2007
Tver Oblast,250.64,15.7,2008
Tver Oblast,277.59,15.3,2009
Tver Oblast,293.89,14.8,2010
Tver Oblast,310.83,13.86,2011
Tver Oblast,340.33,13.8,2012
Tver Oblast,440.66,12.5,2013
Tver Oblast,,9.4,2014
Tver Oblast,,9.2,2015
Tomsk Oblast,,17.4,2003
Tomsk Oblast,316.6,13.4,2004
Tomsk Oblast,326.98,13.7,2005
Tomsk Oblast,338.87,13.4,2006
Tomsk Oblast,364.85,13.9,2007
Tomsk Oblast,434.99,13.6,2008
Tomsk Oblast,478.58,12.7,2009
Tomsk Oblast,548.66,12.4,2010
Tomsk Oblast,579.94,12.54,2011
Tomsk Oblast,630.18,12.0,2012
Tomsk Oblast,715.0,11.2,2013
Tomsk Oblast,,6.8,2014
Tomsk Oblast,,6.7,2015
Tula Oblast,,12.6,2003
Tula Oblast,196.21,12.1,2004
Tula Oblast,244.81,11.0,2005
Tula Oblast,260.8,8.6,2006
Tula Oblast,239.67,8.6,2007
Tula Oblast,253.51,8.5,2008
Tula Oblast,285.27,8.8,2009
Tula Oblast,294.47,9.2,2010
Tula Oblast,323.06,9.55,2011
Tula Oblast,355.44,9.2,2012
Tula Oblast,469.89,7.0,2013
Tula Oblast,,5.6,2014
Tula Oblast,,5.4,2015
Tyumen Oblast,,18.6,2003
Tyumen Oblast,432.4,18.6,2004
Tyumen Oblast,437.32,18.9,2005
Tyumen Oblast,445.41,19.8,2006
Tyumen Oblast,472.93,15.2,2007
Tyumen Oblast,495.41,15.0,2008
Tyumen Oblast,546.22,13.2,2009
Tyumen Oblast,582.2,12.8,2010
Tyumen Oblast,614.33,12.09,2011
Tyumen Oblast,627.53,12.0,2012
Tyumen Oblast,686.03,11.5,2013
Tyumen Oblast,,9.9,2014
Tyumen Oblast,,9.7,2015
Ulyanovsk Oblast,,10.5,2003
Ulyanovsk Oblast,196.6,10.4,2004
Ulyanovsk Oblast,212.4,11.2,2005
Ulyanovsk Oblast,218.51,7.9,2006
Ulyanovsk Oblast,249.51,8.1,2007
Ulyanovsk Oblast,265.65,8.0,2008
Ulyanovsk Oblast,310.77,8.3,2009
Ulyanovsk Oblast,330.4,8.8,2010
Ulyanovsk Oblast,314.58,8.49,2011
Ulyanovsk Oblast,367.42,8.2,2012
Ulyanovsk Oblast,475.05,7.4,2013
Ulyanovsk Oblast,,4.9,2014
Ulyanovsk Oblast,,4.6,2015
Chelyabinsk Oblast,,16.4,2003
Chelyabinsk Oblast,195.55,17.5,2004
Chelyabinsk Oblast,196.95,19.5,2005
Chelyabinsk Oblast,243.82,16.0,2006
Chelyabinsk Oblast,263.95,14.9,2007
Chelyabinsk Oblast,268.01,15.3,2008
Chelyabinsk Oblast,330.63,15.2,2009
Chelyabinsk Oblast,332.66,11.9,2010
Chelyabinsk Oblast,349.15,11.53,2011
Chelyabinsk Oblast,377.3,11.8,2012
Chelyabinsk Oblast,502.27,6.8,2013
Chelyabinsk Oblast,,5.8,2014
Chelyabinsk Oblast,,6.3,2015
Zabaykalsky Krai,,12.4,2003
Zabaykalsky Krai,245.37,40.6,2004
Zabaykalsky Krai,262.31,31.0,2005
Zabaykalsky Krai,285.51,31.7,2006
Zabaykalsky Krai,284.33,13.5,2007
Zabaykalsky Krai,304.19,13.7,2008
Zabaykalsky Krai,392.67,13.8,2009
Zabaykalsky Krai,403.79,13.4,2010
Zabaykalsky Krai,438.47,13.81,2011
Zabaykalsky Krai,456.86,13.6,2012
Zabaykalsky Krai,599.58,12.7,2013
Zabaykalsky Krai,,9.2,2014
Zabaykalsky Krai,,8.6,2015
Yaroslavl Oblast,,18.6,2003
Yaroslavl Oblast,132.07,18.9,2004
Yaroslavl Oblast,151.79,14.5,2005
Yaroslavl Oblast,173.25,14.7,2006
Yaroslavl Oblast,203.9,15.1,2007
Yaroslavl Oblast,223.77,13.9,2008
Yaroslavl Oblast,250.39,13.6,2009
Yaroslavl Oblast,268.69,12.2,2010
Yaroslavl Oblast,331.62,11.84,2011
Yaroslavl Oblast,338.56,12.7,2012
Yaroslavl Oblast,528.03,11.1,2013
Yaroslavl Oblast,,9.8,2014
Yaroslavl Oblast,,9.6,2015
Moscow,,23.0,2003
Moscow,357.17,24.0,2004
Moscow,376.13,24.2,2005
Moscow,401.53,23.8,2006
Moscow,433.18,22.9,2007
Moscow,478.12,20.2,2008
Moscow,523.11,19.3,2009
Moscow,560.26,16.6,2010
Moscow,599.84,16.92,2011
Moscow,694.78,16.5,2012
Moscow,801.7,16.0,2013
Moscow,,15.7,2014
Moscow,,13.3,2015
Saint Petersburg,,14.3,2003
Saint Petersburg,234.6,13.9,2004
Saint Petersburg,241.2,16.2,2005
Saint Petersburg,255.11,16.4,2006
Saint Petersburg,266.9,14.0,2007
Saint Petersburg,522.45,12.5,2008
Saint Petersburg,644.12,9.4,2009
Saint Petersburg,701.89,9.5,2010
Saint Petersburg,723.12,9.01,2011
Saint Petersburg,747.38,8.6,2012
Saint Petersburg,812.79,7.2,2013
Saint Petersburg,,7.7,2014
Saint Petersburg,,6.7,2015
Jewish Autonomous Oblast,,6.4,2003
Jewish Autonomous Oblast,497.05,7.4,2004
Jewish Autonomous Oblast,589.63,7.1,2005
Jewish Autonomous Oblast,622.85,7.5,2006
Jewish Autonomous Oblast,672.83,9.1,2007
Jewish Autonomous Oblast,653.76,10.0,2008
Jewish Autonomous Oblast,636.84,10.7,2009
Jewish Autonomous Oblast,714.42,12.1,2010
Jewish Autonomous Oblast,851.25,12.17,2011
Jewish Autonomous Oblast,875.72,12.7,2012
Jewish Autonomous Oblast,932.48,10.1,2013
Jewish Autonomous Oblast,,8.8,2014
Jewish Autonomous Oblast,,9.2,2015
Republic of Buryatia,,13.9,2003
Republic of Buryatia,161.12,12.2,2004
Republic of Buryatia,199.23,13.5,2005
Republic of Buryatia,242.46,13.0,2006
Republic of Buryatia,267.18,14.2,2007
Republic of Buryatia,272.18,13.6,2008
Republic of Buryatia,,14.3,2009
Republic of Buryatia,,14.4,2010
Republic of Buryatia,,13.58,2011
Republic of Buryatia,,13.1,2012
Republic of Buryatia,,10.5,2013
Republic of Buryatia,,9.0,2014
Republic of Buryatia,,7.6,2015
,,,2003
,,,2004
,,,2005
,,,2006
,,,2007
,,,2008
,,,2009
,,,2010
,,,2011
,,,2012
,,,2013
,,,2014
,,,2015
,,,2003
,304.3,,2004
,348.64,,2005
,377.72,,2006
,429.83,,2007
,,,2008
,,,2009
,,,2010
,,,2011
,,,2012
,,,2013
,,,2014
,,,2015
Nenets Autonomous Okrug,,,2003
Nenets Autonomous Okrug,576.4,,2004
Nenets Autonomous Okrug,594.24,,2005
Nenets Autonomous Okrug,629.27,,2006
Nenets Autonomous Okrug,788.79,,2007
Nenets Autonomous Okrug,801.6,,2008
Nenets Autonomous Okrug,798.24,,2009
Nenets Autonomous Okrug,814.85,,2010
Nenets Autonomous Okrug,846.83,,2011
Nenets Autonomous Okrug,846.83,,2012
Nenets Autonomous Okrug,883.0,,2013
Nenets Autonomous Okrug,,,2014
Nenets Autonomous Okrug,,,2015
,,,2003
,1017.48,,2004
,730.29,,2005
,354.95,,2006
,,,2007
,,,2008
,,,2009
,,,2010
,,,2011
,,,2012
,,,2013
,,,2014
,,,2015
,,,2003
,245.53,,2004
,243.12,,2005
,239.52,,2006
,260.21,,2007
,,,2008
,,,2009
,,,2010
,,,2011
,,,2012
,,,2013
,,,2014
,,,2015
Khanty–Mansi Autonomous Okrug – Yugra,,,2003
Khanty–Mansi Autonomous Okrug – Yugra,487.86,,2004
Khanty–Mansi Autonomous Okrug – Yugra,507.25,,2005
Khanty–Mansi Autonomous Okrug – Yugra,457.57,,2006
Khanty–Mansi Autonomous Okrug – Yugra,466.47,,2007
Khanty–Mansi Autonomous Okrug – Yugra,467.33,,2008
Khanty–Mansi Autonomous Okrug – Yugra,488.68,,2009
Khanty–Mansi Autonomous Okrug – Yugra,523.73,,2010
Khanty–Mansi Autonomous Okrug – Yugra,585.8,,2011
Khanty–Mansi Autonomous Okrug – Yugra,586.16,,2012
Khanty–Mansi Autonomous Okrug – Yugra,603.76,,2013
Khanty–Mansi Autonomous Okrug – Yugra,,,2014
Khanty–Mansi Autonomous Okrug – Yugra,,,2015
Chukotka Autonomous Okrug,,12.3,2003
Chukotka Autonomous Okrug,489.85,12.4,2004
Chukotka Autonomous Okrug,626.71,11.1,2005
Chukotka Autonomous Okrug,724.9,17.0,2006
Chukotka Autonomous Okrug,733.54,17.4,2007
Chukotka Autonomous Okrug,844.47,23.1,2008
Chukotka Autonomous Okrug,1127.04,15.5,2009
Chukotka Autonomous Okrug,1399.47,15.9,2010
Chukotka Autonomous Okrug,1483.41,14.74,2011
Chukotka Autonomous Okrug,1421.45,13.7,2012
Chukotka Autonomous Okrug,1493.18,13.4,2013
Chukotka Autonomous Okrug,,11.3,2014
Chukotka Autonomous Okrug,,8.4,2015
,,,2003
,233.14,,2004
,300.0,,2005
,343.58,,2006
,,,2007
,,,2008
,,,2009
,,,2010
,,,2011
,,,2012
,,,2013
,,,2014
,,,2015
Yamalo-Nenets Autonomous Okrug,,,2003
Yamalo-Nenets Autonomous Okrug,385.92,,2004
Yamalo-Nenets Autonomous Okrug,385.92,,2005
Yamalo-Nenets Autonomous Okrug,474.63,,2006
Yamalo-Nenets Autonomous Okrug,575.24,,2007
Yamalo-Nenets Autonomous Okrug,645.74,,2008
Yamalo-Nenets Autonomous Okrug,677.69,,2009
Yamalo-Nenets Autonomous Okrug,721.47,,2010
Yamalo-Nenets Autonomous Okrug,704.76,,2011
Yamalo-Nenets Autonomous Okrug,751.29,,2012
Yamalo-Nenets Autonomous Okrug,834.54,,2013
Yamalo-Nenets Autonomous Okrug,,,2014
Yamalo-Nenets Autonomous Okrug,,,2015
,,,2003
,,,2003
,,,2003
,,,2003
,,,2003
,,,2003
,,,2003
,,,2003
,,,2003
,,,2003
,,,2003
,,,2003
,,,2004
,,,2004
,,,2004
,,,2004
,,,2004
,,,2004
,,,2004
,,,2004
,,,2004
,,,2004
,,,2004
,,,2004
,,,2005
,,,2005
,,,2005
,,,2005
,,,2005
,,,2005
,,,2005
,,,2005
,,,2005
,,,2005
,,,2005
,,,2005
,,,2006
,,,2006
,,,2006
,,,2006
,,,2006
,,,2006
,,,2006
,,,2006
,,,2006
,,,2006
,,,2006
,,,2006
,,,2007
,,,2007
,,,2007
,,,2007
,,,2007
,,,2007
,,,2007
,,,2007
,,,2007
,,,2007
,,,2007
,,,2007
,,,2008
,,,2008
,,,2008
,,,2008
,,,2008
,,,2008
,,,2008
,,,2008
,,,2008
,,,2008
,,,2008
,,,2008
,,,2009
,,,2009
,,,2009
,,,2009
,,,2009
,,,2009
,,,2009
,,,2009
,,,2009
,,,2009
,,,2009
,,,2009
,,,2010
,,,2010
,,,2010
,,,2010
,,,2010
,,,2010
,,,2010
,,,2010
,,,2010
,,,2010
,,,2010
,,,2010
,,,2011
,,,2011
,,,2011
,,,2011
,,,2011
,,,2011
,,,2011
,,,2011
,,,2011
,,,2011
,,,2011
,,,2011
,,,2012
,,,2012
,,,2012
,,,2012
,,,2012
,,,2012
,,,2012
,,,2012
,,,2012
,,,2012
,,,2012
,,,2012
,,,2013
,,,2013
,,,2013
,,,2013
,,,2013
,,,2013
,,,2013
,,,2013
,,,2013
,,,2013
,,,2013
,,,2013
,,,2014
,,,2014
,,,2014
,,,2014
,,,2014
,,,2014
,,,2014
,,,2014
,,,2014
,,,2014
,,,2014
,,,2014
,,,2015
,,,2015
,,,2015
,,,2015
,,,2015
,,,2015
,,,2015
,,,2015
,,,2015
,,,2015
,,,2015
,,,2015
